09:59:04.884 [restartedMain] INFO  c.r.RuoYiApplication - [logStarting,55] - Starting RuoYiApplication using Java 1.8.0_251 on 6101-20963 with PID 15280 (E:\Java\ruoyi-admin\target\classes started by admin-7 in E:\Java)
09:59:04.888 [background-preinit] INFO  o.h.v.i.util.Version - [<clinit>,21] - HV000001: Hibernate Validator 6.2.5.Final
09:59:04.889 [restartedMain] INFO  c.r.RuoYiApplication - [logStartupProfileInfo,686] - The following 1 profile is active: "dev"
10:04:47.962 [restartedMain] INFO  c.r.RuoYiApplication - [logStarting,55] - Starting RuoYiApplication using Java 1.8.0_251 on 6101-20963 with PID 15468 (E:\Java\ruoyi-admin\target\classes started by admin-7 in E:\Java)
10:04:47.964 [restartedMain] INFO  c.r.RuoYiApplication - [logStartupProfileInfo,686] - The following 1 profile is active: "dev"
10:04:47.969 [background-preinit] INFO  o.h.v.i.util.Version - [<clinit>,21] - HV000001: Hibernate Validator 6.2.5.Final
10:06:35.064 [restartedMain] INFO  c.r.RuoYiApplication - [logStarting,55] - Starting RuoYiApplication using Java 1.8.0_251 on 6101-20963 with PID 13296 (E:\Java\ruoyi-admin\target\classes started by admin-7 in E:\Java)
10:06:35.067 [restartedMain] INFO  c.r.RuoYiApplication - [logStartupProfileInfo,686] - The following 1 profile is active: "dev"
10:06:35.071 [background-preinit] INFO  o.h.v.i.util.Version - [<clinit>,21] - HV000001: Hibernate Validator 6.2.5.Final
10:12:24.159 [restartedMain] INFO  c.r.RuoYiApplication - [logStarting,55] - Starting RuoYiApplication using Java 1.8.0_251 on 6101-20963 with PID 15228 (E:\Java\ruoyi-admin\target\classes started by admin-7 in E:\Java)
10:12:24.162 [restartedMain] INFO  c.r.RuoYiApplication - [logStartupProfileInfo,686] - The following 1 profile is active: "dev"
10:12:24.165 [background-preinit] INFO  o.h.v.i.util.Version - [<clinit>,21] - HV000001: Hibernate Validator 6.2.5.Final
10:15:20.350 [restartedMain] INFO  c.r.RuoYiApplication - [logStarting,55] - Starting RuoYiApplication using Java 1.8.0_251 on 6101-20963 with PID 1424 (E:\Java\ruoyi-admin\target\classes started by admin-7 in E:\Java)
10:15:20.352 [restartedMain] INFO  c.r.RuoYiApplication - [logStartupProfileInfo,686] - The following 1 profile is active: "dev"
10:15:20.358 [background-preinit] INFO  o.h.v.i.util.Version - [<clinit>,21] - HV000001: Hibernate Validator 6.2.5.Final
10:18:31.344 [restartedMain] INFO  c.r.RuoYiApplication - [logStarting,55] - Starting RuoYiApplication using Java 1.8.0_251 on 6101-20963 with PID 12332 (E:\Java\ruoyi-admin\target\classes started by admin-7 in E:\Java)
10:18:31.347 [restartedMain] INFO  c.r.RuoYiApplication - [logStartupProfileInfo,686] - The following 1 profile is active: "dev"
10:18:31.351 [background-preinit] INFO  o.h.v.i.util.Version - [<clinit>,21] - HV000001: Hibernate Validator 6.2.5.Final
10:18:53.463 [restartedMain] INFO  c.r.RuoYiApplication - [logStarting,55] - Starting RuoYiApplication using Java 1.8.0_251 on 6101-20963 with PID 15572 (E:\Java\ruoyi-admin\target\classes started by admin-7 in E:\Java)
10:18:53.465 [restartedMain] INFO  c.r.RuoYiApplication - [logStartupProfileInfo,686] - The following 1 profile is active: "dev"
10:18:53.468 [background-preinit] INFO  o.h.v.i.util.Version - [<clinit>,21] - HV000001: Hibernate Validator 6.2.5.Final
10:19:05.113 [restartedMain] INFO  c.r.RuoYiApplication - [logStarting,55] - Starting RuoYiApplication using Java 1.8.0_251 on 6101-20963 with PID 10356 (E:\Java\ruoyi-admin\target\classes started by admin-7 in E:\Java)
10:19:05.115 [restartedMain] INFO  c.r.RuoYiApplication - [logStartupProfileInfo,686] - The following 1 profile is active: "dev"
10:19:05.119 [background-preinit] INFO  o.h.v.i.util.Version - [<clinit>,21] - HV000001: Hibernate Validator 6.2.5.Final
10:19:07.381 [restartedMain] INFO  o.a.c.h.Http11NioProtocol - [log,173] - Initializing ProtocolHandler ["http-nio-8080"]
10:19:07.382 [restartedMain] INFO  o.a.c.c.StandardService - [log,173] - Starting service [Tomcat]
10:19:07.382 [restartedMain] INFO  o.a.c.c.StandardEngine - [log,173] - Starting Servlet engine: [Apache Tomcat/9.0.75]
10:19:07.487 [restartedMain] INFO  o.a.c.c.C.[.[.[/] - [log,173] - Initializing Spring embedded WebApplicationContext
10:19:10.257 [restartedMain] INFO  c.a.d.p.DruidDataSource - [init,1002] - {dataSource-1} inited
10:19:12.175 [restartedMain] INFO  o.q.i.StdSchedulerFactory - [instantiate,1220] - Using default implementation for ThreadExecutor
10:19:12.184 [restartedMain] INFO  o.q.c.SchedulerSignalerImpl - [<init>,61] - Initialized Scheduler Signaller of type: class org.quartz.core.SchedulerSignalerImpl
10:19:12.184 [restartedMain] INFO  o.q.c.QuartzScheduler - [<init>,229] - Quartz Scheduler v.2.3.2 created.
10:19:12.185 [restartedMain] INFO  o.q.s.RAMJobStore - [initialize,155] - RAMJobStore initialized.
10:19:12.186 [restartedMain] INFO  o.q.c.QuartzScheduler - [initialize,294] - Scheduler meta-data: Quartz Scheduler (v2.3.2) 'quartzScheduler' with instanceId 'NON_CLUSTERED'
  Scheduler class: 'org.quartz.core.QuartzScheduler' - running locally.
  NOT STARTED.
  Currently in standby mode.
  Number of jobs executed: 0
  Using thread pool 'org.quartz.simpl.SimpleThreadPool' - with 10 threads.
  Using job-store 'org.quartz.simpl.RAMJobStore' - which does not support persistence. and is not clustered.

10:19:12.186 [restartedMain] INFO  o.q.i.StdSchedulerFactory - [instantiate,1374] - Quartz scheduler 'quartzScheduler' initialized from an externally provided properties instance.
10:19:12.186 [restartedMain] INFO  o.q.i.StdSchedulerFactory - [instantiate,1378] - Quartz scheduler version: 2.3.2
10:19:12.186 [restartedMain] INFO  o.q.c.QuartzScheduler - [setJobFactory,2293] - JobFactory set to: org.springframework.scheduling.quartz.SpringBeanJobFactory@d6452da
10:19:13.927 [restartedMain] INFO  o.a.c.h.Http11NioProtocol - [log,173] - Starting ProtocolHandler ["http-nio-8080"]
10:19:14.167 [restartedMain] INFO  o.q.c.QuartzScheduler - [start,547] - Scheduler quartzScheduler_$_NON_CLUSTERED started.
10:19:14.175 [restartedMain] INFO  c.r.RuoYiApplication - [logStarted,61] - Started RuoYiApplication in 9.413 seconds (JVM running for 10.479)
10:30:55.276 [SpringApplicationShutdownHook] INFO  o.q.c.QuartzScheduler - [standby,585] - Scheduler quartzScheduler_$_NON_CLUSTERED paused.
10:30:55.446 [SpringApplicationShutdownHook] INFO  o.q.c.QuartzScheduler - [shutdown,666] - Scheduler quartzScheduler_$_NON_CLUSTERED shutting down.
10:30:55.446 [SpringApplicationShutdownHook] INFO  o.q.c.QuartzScheduler - [standby,585] - Scheduler quartzScheduler_$_NON_CLUSTERED paused.
10:30:55.447 [SpringApplicationShutdownHook] INFO  o.q.c.QuartzScheduler - [shutdown,740] - Scheduler quartzScheduler_$_NON_CLUSTERED shutdown complete.
10:30:55.447 [SpringApplicationShutdownHook] INFO  sys-user - [shutdownAsyncManager,31] - ====关闭后台任务任务线程池====
10:30:55.452 [SpringApplicationShutdownHook] INFO  c.a.d.p.DruidDataSource - [close,2204] - {dataSource-1} closing ...
10:30:55.457 [SpringApplicationShutdownHook] INFO  c.a.d.p.DruidDataSource - [close,2277] - {dataSource-1} closed
10:31:02.913 [restartedMain] INFO  c.r.RuoYiApplication - [logStarting,55] - Starting RuoYiApplication using Java 1.8.0_251 on 6101-20963 with PID 4516 (E:\Java\ruoyi-admin\target\classes started by admin-7 in E:\Java)
10:31:02.915 [restartedMain] INFO  c.r.RuoYiApplication - [logStartupProfileInfo,686] - The following 1 profile is active: "dev"
10:31:02.920 [background-preinit] INFO  o.h.v.i.util.Version - [<clinit>,21] - HV000001: Hibernate Validator 6.2.5.Final
10:31:05.191 [restartedMain] INFO  o.a.c.h.Http11NioProtocol - [log,173] - Initializing ProtocolHandler ["http-nio-8080"]
10:31:05.192 [restartedMain] INFO  o.a.c.c.StandardService - [log,173] - Starting service [Tomcat]
10:31:05.192 [restartedMain] INFO  o.a.c.c.StandardEngine - [log,173] - Starting Servlet engine: [Apache Tomcat/9.0.75]
10:31:05.301 [restartedMain] INFO  o.a.c.c.C.[.[.[/] - [log,173] - Initializing Spring embedded WebApplicationContext
10:31:08.318 [restartedMain] INFO  c.a.d.p.DruidDataSource - [init,1002] - {dataSource-1} inited
10:31:10.241 [restartedMain] INFO  o.q.i.StdSchedulerFactory - [instantiate,1220] - Using default implementation for ThreadExecutor
10:31:10.251 [restartedMain] INFO  o.q.c.SchedulerSignalerImpl - [<init>,61] - Initialized Scheduler Signaller of type: class org.quartz.core.SchedulerSignalerImpl
10:31:10.251 [restartedMain] INFO  o.q.c.QuartzScheduler - [<init>,229] - Quartz Scheduler v.2.3.2 created.
10:31:10.252 [restartedMain] INFO  o.q.s.RAMJobStore - [initialize,155] - RAMJobStore initialized.
10:31:10.252 [restartedMain] INFO  o.q.c.QuartzScheduler - [initialize,294] - Scheduler meta-data: Quartz Scheduler (v2.3.2) 'quartzScheduler' with instanceId 'NON_CLUSTERED'
  Scheduler class: 'org.quartz.core.QuartzScheduler' - running locally.
  NOT STARTED.
  Currently in standby mode.
  Number of jobs executed: 0
  Using thread pool 'org.quartz.simpl.SimpleThreadPool' - with 10 threads.
  Using job-store 'org.quartz.simpl.RAMJobStore' - which does not support persistence. and is not clustered.

10:31:10.252 [restartedMain] INFO  o.q.i.StdSchedulerFactory - [instantiate,1374] - Quartz scheduler 'quartzScheduler' initialized from an externally provided properties instance.
10:31:10.252 [restartedMain] INFO  o.q.i.StdSchedulerFactory - [instantiate,1378] - Quartz scheduler version: 2.3.2
10:31:10.253 [restartedMain] INFO  o.q.c.QuartzScheduler - [setJobFactory,2293] - JobFactory set to: org.springframework.scheduling.quartz.SpringBeanJobFactory@49fdec97
10:31:12.076 [restartedMain] INFO  o.a.c.h.Http11NioProtocol - [log,173] - Starting ProtocolHandler ["http-nio-8080"]
10:31:12.325 [restartedMain] INFO  o.q.c.QuartzScheduler - [start,547] - Scheduler quartzScheduler_$_NON_CLUSTERED started.
10:31:12.333 [restartedMain] INFO  c.r.RuoYiApplication - [logStarted,61] - Started RuoYiApplication in 9.783 seconds (JVM running for 10.728)
10:35:00.143 [http-nio-8080-exec-1] INFO  o.a.c.c.C.[.[.[/] - [log,173] - Initializing Spring DispatcherServlet 'dispatcherServlet'
10:35:03.787 [schedule-pool-1] INFO  sys-user - [run,55] - [127.0.0.1]内网IP[admin][Success][登录成功]
10:37:02.014 [SpringApplicationShutdownHook] INFO  o.q.c.QuartzScheduler - [standby,585] - Scheduler quartzScheduler_$_NON_CLUSTERED paused.
10:37:02.181 [SpringApplicationShutdownHook] INFO  o.q.c.QuartzScheduler - [shutdown,666] - Scheduler quartzScheduler_$_NON_CLUSTERED shutting down.
10:37:02.181 [SpringApplicationShutdownHook] INFO  o.q.c.QuartzScheduler - [standby,585] - Scheduler quartzScheduler_$_NON_CLUSTERED paused.
10:37:02.182 [SpringApplicationShutdownHook] INFO  o.q.c.QuartzScheduler - [shutdown,740] - Scheduler quartzScheduler_$_NON_CLUSTERED shutdown complete.
10:37:02.182 [SpringApplicationShutdownHook] INFO  sys-user - [shutdownAsyncManager,31] - ====关闭后台任务任务线程池====
10:37:02.183 [SpringApplicationShutdownHook] INFO  c.a.d.p.DruidDataSource - [close,2204] - {dataSource-1} closing ...
10:37:02.188 [SpringApplicationShutdownHook] INFO  c.a.d.p.DruidDataSource - [close,2277] - {dataSource-1} closed
10:37:09.166 [restartedMain] INFO  c.r.RuoYiApplication - [logStarting,55] - Starting RuoYiApplication using Java 1.8.0_251 on 6101-20963 with PID 10320 (E:\Java\ruoyi-admin\target\classes started by admin-7 in E:\Java)
10:37:09.169 [restartedMain] INFO  c.r.RuoYiApplication - [logStartupProfileInfo,686] - The following 1 profile is active: "dev"
10:37:09.174 [background-preinit] INFO  o.h.v.i.util.Version - [<clinit>,21] - HV000001: Hibernate Validator 6.2.5.Final
10:37:11.490 [restartedMain] INFO  o.a.c.h.Http11NioProtocol - [log,173] - Initializing ProtocolHandler ["http-nio-8080"]
10:37:11.490 [restartedMain] INFO  o.a.c.c.StandardService - [log,173] - Starting service [Tomcat]
10:37:11.490 [restartedMain] INFO  o.a.c.c.StandardEngine - [log,173] - Starting Servlet engine: [Apache Tomcat/9.0.75]
10:37:11.597 [restartedMain] INFO  o.a.c.c.C.[.[.[/] - [log,173] - Initializing Spring embedded WebApplicationContext
10:37:14.516 [restartedMain] INFO  c.a.d.p.DruidDataSource - [init,1002] - {dataSource-1} inited
10:37:16.467 [restartedMain] INFO  o.q.i.StdSchedulerFactory - [instantiate,1220] - Using default implementation for ThreadExecutor
10:37:16.476 [restartedMain] INFO  o.q.c.SchedulerSignalerImpl - [<init>,61] - Initialized Scheduler Signaller of type: class org.quartz.core.SchedulerSignalerImpl
10:37:16.476 [restartedMain] INFO  o.q.c.QuartzScheduler - [<init>,229] - Quartz Scheduler v.2.3.2 created.
10:37:16.477 [restartedMain] INFO  o.q.s.RAMJobStore - [initialize,155] - RAMJobStore initialized.
10:37:16.478 [restartedMain] INFO  o.q.c.QuartzScheduler - [initialize,294] - Scheduler meta-data: Quartz Scheduler (v2.3.2) 'quartzScheduler' with instanceId 'NON_CLUSTERED'
  Scheduler class: 'org.quartz.core.QuartzScheduler' - running locally.
  NOT STARTED.
  Currently in standby mode.
  Number of jobs executed: 0
  Using thread pool 'org.quartz.simpl.SimpleThreadPool' - with 10 threads.
  Using job-store 'org.quartz.simpl.RAMJobStore' - which does not support persistence. and is not clustered.

10:37:16.478 [restartedMain] INFO  o.q.i.StdSchedulerFactory - [instantiate,1374] - Quartz scheduler 'quartzScheduler' initialized from an externally provided properties instance.
10:37:16.478 [restartedMain] INFO  o.q.i.StdSchedulerFactory - [instantiate,1378] - Quartz scheduler version: 2.3.2
10:37:16.478 [restartedMain] INFO  o.q.c.QuartzScheduler - [setJobFactory,2293] - JobFactory set to: org.springframework.scheduling.quartz.SpringBeanJobFactory@572cd171
10:37:18.283 [restartedMain] INFO  o.a.c.h.Http11NioProtocol - [log,173] - Starting ProtocolHandler ["http-nio-8080"]
10:37:18.544 [restartedMain] INFO  o.q.c.QuartzScheduler - [start,547] - Scheduler quartzScheduler_$_NON_CLUSTERED started.
10:37:18.552 [restartedMain] INFO  c.r.RuoYiApplication - [logStarted,61] - Started RuoYiApplication in 9.729 seconds (JVM running for 10.698)
10:38:10.963 [http-nio-8080-exec-1] INFO  o.a.c.c.C.[.[.[/] - [log,173] - Initializing Spring DispatcherServlet 'dispatcherServlet'
10:38:32.263 [SpringApplicationShutdownHook] INFO  o.q.c.QuartzScheduler - [standby,585] - Scheduler quartzScheduler_$_NON_CLUSTERED paused.
10:38:32.425 [SpringApplicationShutdownHook] INFO  o.q.c.QuartzScheduler - [shutdown,666] - Scheduler quartzScheduler_$_NON_CLUSTERED shutting down.
10:38:32.426 [SpringApplicationShutdownHook] INFO  o.q.c.QuartzScheduler - [standby,585] - Scheduler quartzScheduler_$_NON_CLUSTERED paused.
10:38:32.426 [SpringApplicationShutdownHook] INFO  o.q.c.QuartzScheduler - [shutdown,740] - Scheduler quartzScheduler_$_NON_CLUSTERED shutdown complete.
10:38:32.427 [SpringApplicationShutdownHook] INFO  sys-user - [shutdownAsyncManager,31] - ====关闭后台任务任务线程池====
10:38:32.429 [SpringApplicationShutdownHook] INFO  c.a.d.p.DruidDataSource - [close,2204] - {dataSource-1} closing ...
10:38:32.434 [SpringApplicationShutdownHook] INFO  c.a.d.p.DruidDataSource - [close,2277] - {dataSource-1} closed
10:38:37.689 [restartedMain] INFO  c.r.RuoYiApplication - [logStarting,55] - Starting RuoYiApplication using Java 1.8.0_251 on 6101-20963 with PID 10144 (E:\Java\ruoyi-admin\target\classes started by admin-7 in E:\Java)
10:38:37.693 [restartedMain] INFO  c.r.RuoYiApplication - [logStartupProfileInfo,686] - The following 1 profile is active: "dev"
10:38:37.695 [background-preinit] INFO  o.h.v.i.util.Version - [<clinit>,21] - HV000001: Hibernate Validator 6.2.5.Final
10:38:39.947 [restartedMain] INFO  o.a.c.h.Http11NioProtocol - [log,173] - Initializing ProtocolHandler ["http-nio-8080"]
10:38:39.947 [restartedMain] INFO  o.a.c.c.StandardService - [log,173] - Starting service [Tomcat]
10:38:39.947 [restartedMain] INFO  o.a.c.c.StandardEngine - [log,173] - Starting Servlet engine: [Apache Tomcat/9.0.75]
10:38:40.053 [restartedMain] INFO  o.a.c.c.C.[.[.[/] - [log,173] - Initializing Spring embedded WebApplicationContext
10:38:43.002 [restartedMain] INFO  c.a.d.p.DruidDataSource - [init,1002] - {dataSource-1} inited
10:38:44.885 [restartedMain] INFO  o.q.i.StdSchedulerFactory - [instantiate,1220] - Using default implementation for ThreadExecutor
10:38:44.893 [restartedMain] INFO  o.q.c.SchedulerSignalerImpl - [<init>,61] - Initialized Scheduler Signaller of type: class org.quartz.core.SchedulerSignalerImpl
10:38:44.893 [restartedMain] INFO  o.q.c.QuartzScheduler - [<init>,229] - Quartz Scheduler v.2.3.2 created.
10:38:44.894 [restartedMain] INFO  o.q.s.RAMJobStore - [initialize,155] - RAMJobStore initialized.
10:38:44.895 [restartedMain] INFO  o.q.c.QuartzScheduler - [initialize,294] - Scheduler meta-data: Quartz Scheduler (v2.3.2) 'quartzScheduler' with instanceId 'NON_CLUSTERED'
  Scheduler class: 'org.quartz.core.QuartzScheduler' - running locally.
  NOT STARTED.
  Currently in standby mode.
  Number of jobs executed: 0
  Using thread pool 'org.quartz.simpl.SimpleThreadPool' - with 10 threads.
  Using job-store 'org.quartz.simpl.RAMJobStore' - which does not support persistence. and is not clustered.

10:38:44.895 [restartedMain] INFO  o.q.i.StdSchedulerFactory - [instantiate,1374] - Quartz scheduler 'quartzScheduler' initialized from an externally provided properties instance.
10:38:44.895 [restartedMain] INFO  o.q.i.StdSchedulerFactory - [instantiate,1378] - Quartz scheduler version: 2.3.2
10:38:44.895 [restartedMain] INFO  o.q.c.QuartzScheduler - [setJobFactory,2293] - JobFactory set to: org.springframework.scheduling.quartz.SpringBeanJobFactory@7374077f
10:38:46.638 [restartedMain] INFO  o.a.c.h.Http11NioProtocol - [log,173] - Starting ProtocolHandler ["http-nio-8080"]
10:38:46.866 [restartedMain] INFO  o.q.c.QuartzScheduler - [start,547] - Scheduler quartzScheduler_$_NON_CLUSTERED started.
10:38:46.874 [restartedMain] INFO  c.r.RuoYiApplication - [logStarted,61] - Started RuoYiApplication in 9.543 seconds (JVM running for 10.499)
10:39:06.271 [http-nio-8080-exec-1] INFO  o.a.c.c.C.[.[.[/] - [log,173] - Initializing Spring DispatcherServlet 'dispatcherServlet'
11:01:25.373 [SpringApplicationShutdownHook] INFO  o.q.c.QuartzScheduler - [standby,585] - Scheduler quartzScheduler_$_NON_CLUSTERED paused.
11:01:25.615 [SpringApplicationShutdownHook] INFO  o.q.c.QuartzScheduler - [shutdown,666] - Scheduler quartzScheduler_$_NON_CLUSTERED shutting down.
11:01:25.615 [SpringApplicationShutdownHook] INFO  o.q.c.QuartzScheduler - [standby,585] - Scheduler quartzScheduler_$_NON_CLUSTERED paused.
11:01:25.616 [SpringApplicationShutdownHook] INFO  o.q.c.QuartzScheduler - [shutdown,740] - Scheduler quartzScheduler_$_NON_CLUSTERED shutdown complete.
11:01:25.616 [SpringApplicationShutdownHook] INFO  sys-user - [shutdownAsyncManager,31] - ====关闭后台任务任务线程池====
11:01:25.620 [SpringApplicationShutdownHook] INFO  c.a.d.p.DruidDataSource - [close,2204] - {dataSource-1} closing ...
11:01:25.621 [SpringApplicationShutdownHook] INFO  c.a.d.p.DruidDataSource - [close,2277] - {dataSource-1} closed
11:01:33.322 [restartedMain] INFO  c.r.RuoYiApplication - [logStarting,55] - Starting RuoYiApplication using Java 1.8.0_251 on 6101-20963 with PID 5292 (E:\Java\ruoyi-admin\target\classes started by admin-7 in E:\Java)
11:01:33.325 [restartedMain] INFO  c.r.RuoYiApplication - [logStartupProfileInfo,686] - The following 1 profile is active: "dev"
11:01:33.329 [background-preinit] INFO  o.h.v.i.util.Version - [<clinit>,21] - HV000001: Hibernate Validator 6.2.5.Final
11:01:35.586 [restartedMain] INFO  o.a.c.h.Http11NioProtocol - [log,173] - Initializing ProtocolHandler ["http-nio-8080"]
11:01:35.587 [restartedMain] INFO  o.a.c.c.StandardService - [log,173] - Starting service [Tomcat]
11:01:35.587 [restartedMain] INFO  o.a.c.c.StandardEngine - [log,173] - Starting Servlet engine: [Apache Tomcat/9.0.75]
11:01:35.696 [restartedMain] INFO  o.a.c.c.C.[.[.[/] - [log,173] - Initializing Spring embedded WebApplicationContext
11:01:39.547 [restartedMain] INFO  c.a.d.p.DruidDataSource - [init,1002] - {dataSource-1} inited
11:01:41.478 [restartedMain] INFO  o.q.i.StdSchedulerFactory - [instantiate,1220] - Using default implementation for ThreadExecutor
11:01:41.486 [restartedMain] INFO  o.q.c.SchedulerSignalerImpl - [<init>,61] - Initialized Scheduler Signaller of type: class org.quartz.core.SchedulerSignalerImpl
11:01:41.486 [restartedMain] INFO  o.q.c.QuartzScheduler - [<init>,229] - Quartz Scheduler v.2.3.2 created.
11:01:41.487 [restartedMain] INFO  o.q.s.RAMJobStore - [initialize,155] - RAMJobStore initialized.
11:01:41.488 [restartedMain] INFO  o.q.c.QuartzScheduler - [initialize,294] - Scheduler meta-data: Quartz Scheduler (v2.3.2) 'quartzScheduler' with instanceId 'NON_CLUSTERED'
  Scheduler class: 'org.quartz.core.QuartzScheduler' - running locally.
  NOT STARTED.
  Currently in standby mode.
  Number of jobs executed: 0
  Using thread pool 'org.quartz.simpl.SimpleThreadPool' - with 10 threads.
  Using job-store 'org.quartz.simpl.RAMJobStore' - which does not support persistence. and is not clustered.

11:01:41.488 [restartedMain] INFO  o.q.i.StdSchedulerFactory - [instantiate,1374] - Quartz scheduler 'quartzScheduler' initialized from an externally provided properties instance.
11:01:41.488 [restartedMain] INFO  o.q.i.StdSchedulerFactory - [instantiate,1378] - Quartz scheduler version: 2.3.2
11:01:41.489 [restartedMain] INFO  o.q.c.QuartzScheduler - [setJobFactory,2293] - JobFactory set to: org.springframework.scheduling.quartz.SpringBeanJobFactory@7374077f
11:01:43.268 [restartedMain] INFO  o.a.c.h.Http11NioProtocol - [log,173] - Starting ProtocolHandler ["http-nio-8080"]
11:01:43.510 [restartedMain] INFO  o.q.c.QuartzScheduler - [start,547] - Scheduler quartzScheduler_$_NON_CLUSTERED started.
11:01:43.517 [restartedMain] INFO  c.r.RuoYiApplication - [logStarted,61] - Started RuoYiApplication in 10.563 seconds (JVM running for 11.498)
11:02:54.984 [http-nio-8080-exec-1] INFO  o.a.c.c.C.[.[.[/] - [log,173] - Initializing Spring DispatcherServlet 'dispatcherServlet'
11:07:50.572 [SpringApplicationShutdownHook] INFO  o.q.c.QuartzScheduler - [standby,585] - Scheduler quartzScheduler_$_NON_CLUSTERED paused.
11:07:50.740 [SpringApplicationShutdownHook] INFO  o.q.c.QuartzScheduler - [shutdown,666] - Scheduler quartzScheduler_$_NON_CLUSTERED shutting down.
11:07:50.740 [SpringApplicationShutdownHook] INFO  o.q.c.QuartzScheduler - [standby,585] - Scheduler quartzScheduler_$_NON_CLUSTERED paused.
11:07:50.741 [SpringApplicationShutdownHook] INFO  o.q.c.QuartzScheduler - [shutdown,740] - Scheduler quartzScheduler_$_NON_CLUSTERED shutdown complete.
11:07:50.741 [SpringApplicationShutdownHook] INFO  sys-user - [shutdownAsyncManager,31] - ====关闭后台任务任务线程池====
11:07:50.743 [SpringApplicationShutdownHook] INFO  c.a.d.p.DruidDataSource - [close,2204] - {dataSource-1} closing ...
11:07:50.747 [SpringApplicationShutdownHook] INFO  c.a.d.p.DruidDataSource - [close,2277] - {dataSource-1} closed
11:07:56.138 [restartedMain] INFO  c.r.RuoYiApplication - [logStarting,55] - Starting RuoYiApplication using Java 1.8.0_251 on 6101-20963 with PID 13496 (E:\Java\ruoyi-admin\target\classes started by admin-7 in E:\Java)
11:07:56.141 [restartedMain] INFO  c.r.RuoYiApplication - [logStartupProfileInfo,686] - The following 1 profile is active: "dev"
11:07:56.145 [background-preinit] INFO  o.h.v.i.util.Version - [<clinit>,21] - HV000001: Hibernate Validator 6.2.5.Final
11:07:58.380 [restartedMain] INFO  o.a.c.h.Http11NioProtocol - [log,173] - Initializing ProtocolHandler ["http-nio-8080"]
11:07:58.381 [restartedMain] INFO  o.a.c.c.StandardService - [log,173] - Starting service [Tomcat]
11:07:58.381 [restartedMain] INFO  o.a.c.c.StandardEngine - [log,173] - Starting Servlet engine: [Apache Tomcat/9.0.75]
11:07:58.487 [restartedMain] INFO  o.a.c.c.C.[.[.[/] - [log,173] - Initializing Spring embedded WebApplicationContext
11:08:02.784 [restartedMain] INFO  c.a.d.p.DruidDataSource - [init,1002] - {dataSource-1} inited
11:08:04.691 [restartedMain] INFO  o.q.i.StdSchedulerFactory - [instantiate,1220] - Using default implementation for ThreadExecutor
11:08:04.699 [restartedMain] INFO  o.q.c.SchedulerSignalerImpl - [<init>,61] - Initialized Scheduler Signaller of type: class org.quartz.core.SchedulerSignalerImpl
11:08:04.699 [restartedMain] INFO  o.q.c.QuartzScheduler - [<init>,229] - Quartz Scheduler v.2.3.2 created.
11:08:04.700 [restartedMain] INFO  o.q.s.RAMJobStore - [initialize,155] - RAMJobStore initialized.
11:08:04.700 [restartedMain] INFO  o.q.c.QuartzScheduler - [initialize,294] - Scheduler meta-data: Quartz Scheduler (v2.3.2) 'quartzScheduler' with instanceId 'NON_CLUSTERED'
  Scheduler class: 'org.quartz.core.QuartzScheduler' - running locally.
  NOT STARTED.
  Currently in standby mode.
  Number of jobs executed: 0
  Using thread pool 'org.quartz.simpl.SimpleThreadPool' - with 10 threads.
  Using job-store 'org.quartz.simpl.RAMJobStore' - which does not support persistence. and is not clustered.

11:08:04.701 [restartedMain] INFO  o.q.i.StdSchedulerFactory - [instantiate,1374] - Quartz scheduler 'quartzScheduler' initialized from an externally provided properties instance.
11:08:04.701 [restartedMain] INFO  o.q.i.StdSchedulerFactory - [instantiate,1378] - Quartz scheduler version: 2.3.2
11:08:04.701 [restartedMain] INFO  o.q.c.QuartzScheduler - [setJobFactory,2293] - JobFactory set to: org.springframework.scheduling.quartz.SpringBeanJobFactory@37ff5b00
11:08:06.454 [restartedMain] INFO  o.a.c.h.Http11NioProtocol - [log,173] - Starting ProtocolHandler ["http-nio-8080"]
11:08:06.689 [restartedMain] INFO  o.q.c.QuartzScheduler - [start,547] - Scheduler quartzScheduler_$_NON_CLUSTERED started.
11:08:06.696 [restartedMain] INFO  c.r.RuoYiApplication - [logStarted,61] - Started RuoYiApplication in 10.913 seconds (JVM running for 11.881)
11:08:30.065 [http-nio-8080-exec-1] INFO  o.a.c.c.C.[.[.[/] - [log,173] - Initializing Spring DispatcherServlet 'dispatcherServlet'
11:14:16.173 [SpringApplicationShutdownHook] INFO  o.q.c.QuartzScheduler - [standby,585] - Scheduler quartzScheduler_$_NON_CLUSTERED paused.
11:14:16.339 [SpringApplicationShutdownHook] INFO  o.q.c.QuartzScheduler - [shutdown,666] - Scheduler quartzScheduler_$_NON_CLUSTERED shutting down.
11:14:16.339 [SpringApplicationShutdownHook] INFO  o.q.c.QuartzScheduler - [standby,585] - Scheduler quartzScheduler_$_NON_CLUSTERED paused.
11:14:16.339 [SpringApplicationShutdownHook] INFO  o.q.c.QuartzScheduler - [shutdown,740] - Scheduler quartzScheduler_$_NON_CLUSTERED shutdown complete.
11:14:16.339 [SpringApplicationShutdownHook] INFO  sys-user - [shutdownAsyncManager,31] - ====关闭后台任务任务线程池====
11:14:16.341 [SpringApplicationShutdownHook] INFO  c.a.d.p.DruidDataSource - [close,2204] - {dataSource-1} closing ...
11:14:16.345 [SpringApplicationShutdownHook] INFO  c.a.d.p.DruidDataSource - [close,2277] - {dataSource-1} closed
11:14:22.178 [restartedMain] INFO  c.r.RuoYiApplication - [logStarting,55] - Starting RuoYiApplication using Java 1.8.0_251 on 6101-20963 with PID 14284 (E:\Java\ruoyi-admin\target\classes started by admin-7 in E:\Java)
11:14:22.181 [restartedMain] INFO  c.r.RuoYiApplication - [logStartupProfileInfo,686] - The following 1 profile is active: "dev"
11:14:22.185 [background-preinit] INFO  o.h.v.i.util.Version - [<clinit>,21] - HV000001: Hibernate Validator 6.2.5.Final
11:14:24.452 [restartedMain] INFO  o.a.c.h.Http11NioProtocol - [log,173] - Initializing ProtocolHandler ["http-nio-8080"]
11:14:24.452 [restartedMain] INFO  o.a.c.c.StandardService - [log,173] - Starting service [Tomcat]
11:14:24.453 [restartedMain] INFO  o.a.c.c.StandardEngine - [log,173] - Starting Servlet engine: [Apache Tomcat/9.0.75]
11:14:24.561 [restartedMain] INFO  o.a.c.c.C.[.[.[/] - [log,173] - Initializing Spring embedded WebApplicationContext
11:14:27.576 [restartedMain] INFO  c.a.d.p.DruidDataSource - [init,1002] - {dataSource-1} inited
11:14:29.509 [restartedMain] INFO  o.q.i.StdSchedulerFactory - [instantiate,1220] - Using default implementation for ThreadExecutor
11:14:29.518 [restartedMain] INFO  o.q.c.SchedulerSignalerImpl - [<init>,61] - Initialized Scheduler Signaller of type: class org.quartz.core.SchedulerSignalerImpl
11:14:29.518 [restartedMain] INFO  o.q.c.QuartzScheduler - [<init>,229] - Quartz Scheduler v.2.3.2 created.
11:14:29.519 [restartedMain] INFO  o.q.s.RAMJobStore - [initialize,155] - RAMJobStore initialized.
11:14:29.519 [restartedMain] INFO  o.q.c.QuartzScheduler - [initialize,294] - Scheduler meta-data: Quartz Scheduler (v2.3.2) 'quartzScheduler' with instanceId 'NON_CLUSTERED'
  Scheduler class: 'org.quartz.core.QuartzScheduler' - running locally.
  NOT STARTED.
  Currently in standby mode.
  Number of jobs executed: 0
  Using thread pool 'org.quartz.simpl.SimpleThreadPool' - with 10 threads.
  Using job-store 'org.quartz.simpl.RAMJobStore' - which does not support persistence. and is not clustered.

11:14:29.520 [restartedMain] INFO  o.q.i.StdSchedulerFactory - [instantiate,1374] - Quartz scheduler 'quartzScheduler' initialized from an externally provided properties instance.
11:14:29.520 [restartedMain] INFO  o.q.i.StdSchedulerFactory - [instantiate,1378] - Quartz scheduler version: 2.3.2
11:14:29.520 [restartedMain] INFO  o.q.c.QuartzScheduler - [setJobFactory,2293] - JobFactory set to: org.springframework.scheduling.quartz.SpringBeanJobFactory@37ff5b00
11:14:31.308 [restartedMain] INFO  o.a.c.h.Http11NioProtocol - [log,173] - Starting ProtocolHandler ["http-nio-8080"]
11:14:31.559 [restartedMain] INFO  o.q.c.QuartzScheduler - [start,547] - Scheduler quartzScheduler_$_NON_CLUSTERED started.
11:14:31.567 [restartedMain] INFO  c.r.RuoYiApplication - [logStarted,61] - Started RuoYiApplication in 9.762 seconds (JVM running for 10.752)
11:15:03.098 [http-nio-8080-exec-1] INFO  o.a.c.c.C.[.[.[/] - [log,173] - Initializing Spring DispatcherServlet 'dispatcherServlet'
11:15:40.143 [SpringApplicationShutdownHook] INFO  o.q.c.QuartzScheduler - [standby,585] - Scheduler quartzScheduler_$_NON_CLUSTERED paused.
11:15:40.419 [SpringApplicationShutdownHook] INFO  o.q.c.QuartzScheduler - [shutdown,666] - Scheduler quartzScheduler_$_NON_CLUSTERED shutting down.
11:15:40.420 [SpringApplicationShutdownHook] INFO  o.q.c.QuartzScheduler - [standby,585] - Scheduler quartzScheduler_$_NON_CLUSTERED paused.
11:15:40.420 [SpringApplicationShutdownHook] INFO  o.q.c.QuartzScheduler - [shutdown,740] - Scheduler quartzScheduler_$_NON_CLUSTERED shutdown complete.
11:15:40.420 [SpringApplicationShutdownHook] INFO  sys-user - [shutdownAsyncManager,31] - ====关闭后台任务任务线程池====
11:15:40.422 [SpringApplicationShutdownHook] INFO  c.a.d.p.DruidDataSource - [close,2204] - {dataSource-1} closing ...
11:15:40.426 [SpringApplicationShutdownHook] INFO  c.a.d.p.DruidDataSource - [close,2277] - {dataSource-1} closed
11:15:47.190 [restartedMain] INFO  c.r.RuoYiApplication - [logStarting,55] - Starting RuoYiApplication using Java 1.8.0_251 on 6101-20963 with PID 2516 (E:\Java\ruoyi-admin\target\classes started by admin-7 in E:\Java)
11:15:47.194 [restartedMain] INFO  c.r.RuoYiApplication - [logStartupProfileInfo,686] - The following 1 profile is active: "dev"
11:15:47.201 [background-preinit] INFO  o.h.v.i.util.Version - [<clinit>,21] - HV000001: Hibernate Validator 6.2.5.Final
11:15:49.476 [restartedMain] INFO  o.a.c.h.Http11NioProtocol - [log,173] - Initializing ProtocolHandler ["http-nio-8080"]
11:15:49.476 [restartedMain] INFO  o.a.c.c.StandardService - [log,173] - Starting service [Tomcat]
11:15:49.477 [restartedMain] INFO  o.a.c.c.StandardEngine - [log,173] - Starting Servlet engine: [Apache Tomcat/9.0.75]
11:15:49.585 [restartedMain] INFO  o.a.c.c.C.[.[.[/] - [log,173] - Initializing Spring embedded WebApplicationContext
11:15:52.738 [restartedMain] INFO  c.a.d.p.DruidDataSource - [init,1002] - {dataSource-1} inited
11:15:54.737 [restartedMain] INFO  o.q.i.StdSchedulerFactory - [instantiate,1220] - Using default implementation for ThreadExecutor
11:15:54.746 [restartedMain] INFO  o.q.c.SchedulerSignalerImpl - [<init>,61] - Initialized Scheduler Signaller of type: class org.quartz.core.SchedulerSignalerImpl
11:15:54.747 [restartedMain] INFO  o.q.c.QuartzScheduler - [<init>,229] - Quartz Scheduler v.2.3.2 created.
11:15:54.747 [restartedMain] INFO  o.q.s.RAMJobStore - [initialize,155] - RAMJobStore initialized.
11:15:54.748 [restartedMain] INFO  o.q.c.QuartzScheduler - [initialize,294] - Scheduler meta-data: Quartz Scheduler (v2.3.2) 'quartzScheduler' with instanceId 'NON_CLUSTERED'
  Scheduler class: 'org.quartz.core.QuartzScheduler' - running locally.
  NOT STARTED.
  Currently in standby mode.
  Number of jobs executed: 0
  Using thread pool 'org.quartz.simpl.SimpleThreadPool' - with 10 threads.
  Using job-store 'org.quartz.simpl.RAMJobStore' - which does not support persistence. and is not clustered.

11:15:54.748 [restartedMain] INFO  o.q.i.StdSchedulerFactory - [instantiate,1374] - Quartz scheduler 'quartzScheduler' initialized from an externally provided properties instance.
11:15:54.748 [restartedMain] INFO  o.q.i.StdSchedulerFactory - [instantiate,1378] - Quartz scheduler version: 2.3.2
11:15:54.749 [restartedMain] INFO  o.q.c.QuartzScheduler - [setJobFactory,2293] - JobFactory set to: org.springframework.scheduling.quartz.SpringBeanJobFactory@5af7a3d
11:15:56.499 [restartedMain] INFO  o.a.c.h.Http11NioProtocol - [log,173] - Starting ProtocolHandler ["http-nio-8080"]
11:15:56.735 [restartedMain] INFO  o.q.c.QuartzScheduler - [start,547] - Scheduler quartzScheduler_$_NON_CLUSTERED started.
11:15:56.743 [restartedMain] INFO  c.r.RuoYiApplication - [logStarted,61] - Started RuoYiApplication in 9.945 seconds (JVM running for 10.886)
11:16:01.926 [http-nio-8080-exec-1] INFO  o.a.c.c.C.[.[.[/] - [log,173] - Initializing Spring DispatcherServlet 'dispatcherServlet'
11:17:39.985 [SpringApplicationShutdownHook] INFO  o.q.c.QuartzScheduler - [standby,585] - Scheduler quartzScheduler_$_NON_CLUSTERED paused.
11:17:40.154 [SpringApplicationShutdownHook] INFO  o.q.c.QuartzScheduler - [shutdown,666] - Scheduler quartzScheduler_$_NON_CLUSTERED shutting down.
11:17:40.154 [SpringApplicationShutdownHook] INFO  o.q.c.QuartzScheduler - [standby,585] - Scheduler quartzScheduler_$_NON_CLUSTERED paused.
11:17:40.155 [SpringApplicationShutdownHook] INFO  o.q.c.QuartzScheduler - [shutdown,740] - Scheduler quartzScheduler_$_NON_CLUSTERED shutdown complete.
11:17:40.155 [SpringApplicationShutdownHook] INFO  sys-user - [shutdownAsyncManager,31] - ====关闭后台任务任务线程池====
11:17:40.156 [SpringApplicationShutdownHook] INFO  c.a.d.p.DruidDataSource - [close,2204] - {dataSource-1} closing ...
11:17:40.159 [SpringApplicationShutdownHook] INFO  c.a.d.p.DruidDataSource - [close,2277] - {dataSource-1} closed
11:17:45.740 [restartedMain] INFO  c.r.RuoYiApplication - [logStarting,55] - Starting RuoYiApplication using Java 1.8.0_251 on 6101-20963 with PID 6972 (E:\Java\ruoyi-admin\target\classes started by admin-7 in E:\Java)
11:17:45.742 [restartedMain] INFO  c.r.RuoYiApplication - [logStartupProfileInfo,686] - The following 1 profile is active: "dev"
11:17:45.746 [background-preinit] INFO  o.h.v.i.util.Version - [<clinit>,21] - HV000001: Hibernate Validator 6.2.5.Final
11:17:47.995 [restartedMain] INFO  o.a.c.h.Http11NioProtocol - [log,173] - Initializing ProtocolHandler ["http-nio-8080"]
11:17:47.995 [restartedMain] INFO  o.a.c.c.StandardService - [log,173] - Starting service [Tomcat]
11:17:47.995 [restartedMain] INFO  o.a.c.c.StandardEngine - [log,173] - Starting Servlet engine: [Apache Tomcat/9.0.75]
11:17:48.100 [restartedMain] INFO  o.a.c.c.C.[.[.[/] - [log,173] - Initializing Spring embedded WebApplicationContext
11:17:51.628 [restartedMain] INFO  c.a.d.p.DruidDataSource - [init,1002] - {dataSource-1} inited
11:17:54.398 [restartedMain] INFO  o.q.i.StdSchedulerFactory - [instantiate,1220] - Using default implementation for ThreadExecutor
11:17:54.415 [restartedMain] INFO  o.q.c.SchedulerSignalerImpl - [<init>,61] - Initialized Scheduler Signaller of type: class org.quartz.core.SchedulerSignalerImpl
11:17:54.415 [restartedMain] INFO  o.q.c.QuartzScheduler - [<init>,229] - Quartz Scheduler v.2.3.2 created.
11:17:54.416 [restartedMain] INFO  o.q.s.RAMJobStore - [initialize,155] - RAMJobStore initialized.
11:17:54.418 [restartedMain] INFO  o.q.c.QuartzScheduler - [initialize,294] - Scheduler meta-data: Quartz Scheduler (v2.3.2) 'quartzScheduler' with instanceId 'NON_CLUSTERED'
  Scheduler class: 'org.quartz.core.QuartzScheduler' - running locally.
  NOT STARTED.
  Currently in standby mode.
  Number of jobs executed: 0
  Using thread pool 'org.quartz.simpl.SimpleThreadPool' - with 10 threads.
  Using job-store 'org.quartz.simpl.RAMJobStore' - which does not support persistence. and is not clustered.

11:17:54.418 [restartedMain] INFO  o.q.i.StdSchedulerFactory - [instantiate,1374] - Quartz scheduler 'quartzScheduler' initialized from an externally provided properties instance.
11:17:54.418 [restartedMain] INFO  o.q.i.StdSchedulerFactory - [instantiate,1378] - Quartz scheduler version: 2.3.2
11:17:54.419 [restartedMain] INFO  o.q.c.QuartzScheduler - [setJobFactory,2293] - JobFactory set to: org.springframework.scheduling.quartz.SpringBeanJobFactory@1f7597c3
11:17:56.422 [restartedMain] INFO  o.a.c.h.Http11NioProtocol - [log,173] - Starting ProtocolHandler ["http-nio-8080"]
11:17:56.670 [restartedMain] INFO  o.q.c.QuartzScheduler - [start,547] - Scheduler quartzScheduler_$_NON_CLUSTERED started.
11:17:56.678 [restartedMain] INFO  c.r.RuoYiApplication - [logStarted,61] - Started RuoYiApplication in 11.303 seconds (JVM running for 12.318)
11:17:58.810 [http-nio-8080-exec-1] INFO  o.a.c.c.C.[.[.[/] - [log,173] - Initializing Spring DispatcherServlet 'dispatcherServlet'
11:19:44.200 [SpringApplicationShutdownHook] INFO  o.q.c.QuartzScheduler - [standby,585] - Scheduler quartzScheduler_$_NON_CLUSTERED paused.
11:19:44.395 [SpringApplicationShutdownHook] INFO  o.q.c.QuartzScheduler - [shutdown,666] - Scheduler quartzScheduler_$_NON_CLUSTERED shutting down.
11:19:44.395 [SpringApplicationShutdownHook] INFO  o.q.c.QuartzScheduler - [standby,585] - Scheduler quartzScheduler_$_NON_CLUSTERED paused.
11:19:44.396 [SpringApplicationShutdownHook] INFO  o.q.c.QuartzScheduler - [shutdown,740] - Scheduler quartzScheduler_$_NON_CLUSTERED shutdown complete.
11:19:44.396 [SpringApplicationShutdownHook] INFO  sys-user - [shutdownAsyncManager,31] - ====关闭后台任务任务线程池====
11:19:44.397 [SpringApplicationShutdownHook] INFO  c.a.d.p.DruidDataSource - [close,2204] - {dataSource-1} closing ...
11:19:44.402 [SpringApplicationShutdownHook] INFO  c.a.d.p.DruidDataSource - [close,2277] - {dataSource-1} closed
11:19:50.004 [restartedMain] INFO  c.r.RuoYiApplication - [logStarting,55] - Starting RuoYiApplication using Java 1.8.0_251 on 6101-20963 with PID 5356 (E:\Java\ruoyi-admin\target\classes started by admin-7 in E:\Java)
11:19:50.006 [restartedMain] INFO  c.r.RuoYiApplication - [logStartupProfileInfo,686] - The following 1 profile is active: "dev"
11:19:50.008 [background-preinit] INFO  o.h.v.i.util.Version - [<clinit>,21] - HV000001: Hibernate Validator 6.2.5.Final
11:19:52.254 [restartedMain] INFO  o.a.c.h.Http11NioProtocol - [log,173] - Initializing ProtocolHandler ["http-nio-8080"]
11:19:52.255 [restartedMain] INFO  o.a.c.c.StandardService - [log,173] - Starting service [Tomcat]
11:19:52.255 [restartedMain] INFO  o.a.c.c.StandardEngine - [log,173] - Starting Servlet engine: [Apache Tomcat/9.0.75]
11:19:52.366 [restartedMain] INFO  o.a.c.c.C.[.[.[/] - [log,173] - Initializing Spring embedded WebApplicationContext
11:19:55.234 [restartedMain] INFO  c.a.d.p.DruidDataSource - [init,1002] - {dataSource-1} inited
11:19:57.161 [restartedMain] INFO  o.q.i.StdSchedulerFactory - [instantiate,1220] - Using default implementation for ThreadExecutor
11:19:57.169 [restartedMain] INFO  o.q.c.SchedulerSignalerImpl - [<init>,61] - Initialized Scheduler Signaller of type: class org.quartz.core.SchedulerSignalerImpl
11:19:57.170 [restartedMain] INFO  o.q.c.QuartzScheduler - [<init>,229] - Quartz Scheduler v.2.3.2 created.
11:19:57.170 [restartedMain] INFO  o.q.s.RAMJobStore - [initialize,155] - RAMJobStore initialized.
11:19:57.171 [restartedMain] INFO  o.q.c.QuartzScheduler - [initialize,294] - Scheduler meta-data: Quartz Scheduler (v2.3.2) 'quartzScheduler' with instanceId 'NON_CLUSTERED'
  Scheduler class: 'org.quartz.core.QuartzScheduler' - running locally.
  NOT STARTED.
  Currently in standby mode.
  Number of jobs executed: 0
  Using thread pool 'org.quartz.simpl.SimpleThreadPool' - with 10 threads.
  Using job-store 'org.quartz.simpl.RAMJobStore' - which does not support persistence. and is not clustered.

11:19:57.171 [restartedMain] INFO  o.q.i.StdSchedulerFactory - [instantiate,1374] - Quartz scheduler 'quartzScheduler' initialized from an externally provided properties instance.
11:19:57.171 [restartedMain] INFO  o.q.i.StdSchedulerFactory - [instantiate,1378] - Quartz scheduler version: 2.3.2
11:19:57.171 [restartedMain] INFO  o.q.c.QuartzScheduler - [setJobFactory,2293] - JobFactory set to: org.springframework.scheduling.quartz.SpringBeanJobFactory@7bcb63b3
11:19:58.966 [restartedMain] INFO  o.a.c.h.Http11NioProtocol - [log,173] - Starting ProtocolHandler ["http-nio-8080"]
11:19:59.195 [restartedMain] INFO  o.q.c.QuartzScheduler - [start,547] - Scheduler quartzScheduler_$_NON_CLUSTERED started.
11:19:59.203 [restartedMain] INFO  c.r.RuoYiApplication - [logStarted,61] - Started RuoYiApplication in 9.562 seconds (JVM running for 10.579)
11:20:39.856 [http-nio-8080-exec-1] INFO  o.a.c.c.C.[.[.[/] - [log,173] - Initializing Spring DispatcherServlet 'dispatcherServlet'
11:21:09.474 [SpringApplicationShutdownHook] INFO  o.q.c.QuartzScheduler - [standby,585] - Scheduler quartzScheduler_$_NON_CLUSTERED paused.
11:21:09.635 [SpringApplicationShutdownHook] INFO  o.q.c.QuartzScheduler - [shutdown,666] - Scheduler quartzScheduler_$_NON_CLUSTERED shutting down.
11:21:09.638 [SpringApplicationShutdownHook] INFO  o.q.c.QuartzScheduler - [standby,585] - Scheduler quartzScheduler_$_NON_CLUSTERED paused.
11:21:09.638 [SpringApplicationShutdownHook] INFO  o.q.c.QuartzScheduler - [shutdown,740] - Scheduler quartzScheduler_$_NON_CLUSTERED shutdown complete.
11:21:09.639 [SpringApplicationShutdownHook] INFO  sys-user - [shutdownAsyncManager,31] - ====关闭后台任务任务线程池====
11:21:09.640 [SpringApplicationShutdownHook] INFO  c.a.d.p.DruidDataSource - [close,2204] - {dataSource-1} closing ...
11:21:09.648 [SpringApplicationShutdownHook] INFO  c.a.d.p.DruidDataSource - [close,2277] - {dataSource-1} closed
11:21:15.015 [restartedMain] INFO  c.r.RuoYiApplication - [logStarting,55] - Starting RuoYiApplication using Java 1.8.0_251 on 6101-20963 with PID 13556 (E:\Java\ruoyi-admin\target\classes started by admin-7 in E:\Java)
11:21:15.018 [restartedMain] INFO  c.r.RuoYiApplication - [logStartupProfileInfo,686] - The following 1 profile is active: "dev"
11:21:15.019 [background-preinit] INFO  o.h.v.i.util.Version - [<clinit>,21] - HV000001: Hibernate Validator 6.2.5.Final
11:21:17.239 [restartedMain] INFO  o.a.c.h.Http11NioProtocol - [log,173] - Initializing ProtocolHandler ["http-nio-8080"]
11:21:17.239 [restartedMain] INFO  o.a.c.c.StandardService - [log,173] - Starting service [Tomcat]
11:21:17.239 [restartedMain] INFO  o.a.c.c.StandardEngine - [log,173] - Starting Servlet engine: [Apache Tomcat/9.0.75]
11:21:17.343 [restartedMain] INFO  o.a.c.c.C.[.[.[/] - [log,173] - Initializing Spring embedded WebApplicationContext
11:21:20.163 [restartedMain] INFO  c.a.d.p.DruidDataSource - [init,1002] - {dataSource-1} inited
11:21:22.048 [restartedMain] INFO  o.q.i.StdSchedulerFactory - [instantiate,1220] - Using default implementation for ThreadExecutor
11:21:22.057 [restartedMain] INFO  o.q.c.SchedulerSignalerImpl - [<init>,61] - Initialized Scheduler Signaller of type: class org.quartz.core.SchedulerSignalerImpl
11:21:22.058 [restartedMain] INFO  o.q.c.QuartzScheduler - [<init>,229] - Quartz Scheduler v.2.3.2 created.
11:21:22.058 [restartedMain] INFO  o.q.s.RAMJobStore - [initialize,155] - RAMJobStore initialized.
11:21:22.059 [restartedMain] INFO  o.q.c.QuartzScheduler - [initialize,294] - Scheduler meta-data: Quartz Scheduler (v2.3.2) 'quartzScheduler' with instanceId 'NON_CLUSTERED'
  Scheduler class: 'org.quartz.core.QuartzScheduler' - running locally.
  NOT STARTED.
  Currently in standby mode.
  Number of jobs executed: 0
  Using thread pool 'org.quartz.simpl.SimpleThreadPool' - with 10 threads.
  Using job-store 'org.quartz.simpl.RAMJobStore' - which does not support persistence. and is not clustered.

11:21:22.059 [restartedMain] INFO  o.q.i.StdSchedulerFactory - [instantiate,1374] - Quartz scheduler 'quartzScheduler' initialized from an externally provided properties instance.
11:21:22.059 [restartedMain] INFO  o.q.i.StdSchedulerFactory - [instantiate,1378] - Quartz scheduler version: 2.3.2
11:21:22.060 [restartedMain] INFO  o.q.c.QuartzScheduler - [setJobFactory,2293] - JobFactory set to: org.springframework.scheduling.quartz.SpringBeanJobFactory@273adfef
11:21:23.804 [restartedMain] INFO  o.a.c.h.Http11NioProtocol - [log,173] - Starting ProtocolHandler ["http-nio-8080"]
11:21:24.048 [restartedMain] INFO  o.q.c.QuartzScheduler - [start,547] - Scheduler quartzScheduler_$_NON_CLUSTERED started.
11:21:24.055 [restartedMain] INFO  c.r.RuoYiApplication - [logStarted,61] - Started RuoYiApplication in 9.403 seconds (JVM running for 10.359)
11:22:09.250 [http-nio-8080-exec-1] INFO  o.a.c.c.C.[.[.[/] - [log,173] - Initializing Spring DispatcherServlet 'dispatcherServlet'
11:32:32.806 [SpringApplicationShutdownHook] INFO  o.q.c.QuartzScheduler - [standby,585] - Scheduler quartzScheduler_$_NON_CLUSTERED paused.
11:32:32.986 [SpringApplicationShutdownHook] INFO  o.q.c.QuartzScheduler - [shutdown,666] - Scheduler quartzScheduler_$_NON_CLUSTERED shutting down.
11:32:32.986 [SpringApplicationShutdownHook] INFO  o.q.c.QuartzScheduler - [standby,585] - Scheduler quartzScheduler_$_NON_CLUSTERED paused.
11:32:32.986 [SpringApplicationShutdownHook] INFO  o.q.c.QuartzScheduler - [shutdown,740] - Scheduler quartzScheduler_$_NON_CLUSTERED shutdown complete.
11:32:32.986 [SpringApplicationShutdownHook] INFO  sys-user - [shutdownAsyncManager,31] - ====关闭后台任务任务线程池====
11:32:32.987 [SpringApplicationShutdownHook] INFO  c.a.d.p.DruidDataSource - [close,2204] - {dataSource-1} closing ...
11:32:32.991 [SpringApplicationShutdownHook] INFO  c.a.d.p.DruidDataSource - [close,2277] - {dataSource-1} closed
11:32:38.824 [restartedMain] INFO  c.r.RuoYiApplication - [logStarting,55] - Starting RuoYiApplication using Java 1.8.0_251 on 6101-20963 with PID 1548 (E:\Java\ruoyi-admin\target\classes started by admin-7 in E:\Java)
11:32:38.827 [restartedMain] INFO  c.r.RuoYiApplication - [logStartupProfileInfo,686] - The following 1 profile is active: "dev"
11:32:38.831 [background-preinit] INFO  o.h.v.i.util.Version - [<clinit>,21] - HV000001: Hibernate Validator 6.2.5.Final
11:32:41.083 [restartedMain] INFO  o.a.c.h.Http11NioProtocol - [log,173] - Initializing ProtocolHandler ["http-nio-8080"]
11:32:41.084 [restartedMain] INFO  o.a.c.c.StandardService - [log,173] - Starting service [Tomcat]
11:32:41.084 [restartedMain] INFO  o.a.c.c.StandardEngine - [log,173] - Starting Servlet engine: [Apache Tomcat/9.0.75]
11:32:41.190 [restartedMain] INFO  o.a.c.c.C.[.[.[/] - [log,173] - Initializing Spring embedded WebApplicationContext
11:32:44.064 [restartedMain] INFO  c.a.d.p.DruidDataSource - [init,1002] - {dataSource-1} inited
11:32:45.942 [restartedMain] INFO  o.q.i.StdSchedulerFactory - [instantiate,1220] - Using default implementation for ThreadExecutor
11:32:45.953 [restartedMain] INFO  o.q.c.SchedulerSignalerImpl - [<init>,61] - Initialized Scheduler Signaller of type: class org.quartz.core.SchedulerSignalerImpl
11:32:45.953 [restartedMain] INFO  o.q.c.QuartzScheduler - [<init>,229] - Quartz Scheduler v.2.3.2 created.
11:32:45.954 [restartedMain] INFO  o.q.s.RAMJobStore - [initialize,155] - RAMJobStore initialized.
11:32:45.954 [restartedMain] INFO  o.q.c.QuartzScheduler - [initialize,294] - Scheduler meta-data: Quartz Scheduler (v2.3.2) 'quartzScheduler' with instanceId 'NON_CLUSTERED'
  Scheduler class: 'org.quartz.core.QuartzScheduler' - running locally.
  NOT STARTED.
  Currently in standby mode.
  Number of jobs executed: 0
  Using thread pool 'org.quartz.simpl.SimpleThreadPool' - with 10 threads.
  Using job-store 'org.quartz.simpl.RAMJobStore' - which does not support persistence. and is not clustered.

11:32:45.954 [restartedMain] INFO  o.q.i.StdSchedulerFactory - [instantiate,1374] - Quartz scheduler 'quartzScheduler' initialized from an externally provided properties instance.
11:32:45.955 [restartedMain] INFO  o.q.i.StdSchedulerFactory - [instantiate,1378] - Quartz scheduler version: 2.3.2
11:32:45.955 [restartedMain] INFO  o.q.c.QuartzScheduler - [setJobFactory,2293] - JobFactory set to: org.springframework.scheduling.quartz.SpringBeanJobFactory@160a05ac
11:32:47.718 [restartedMain] INFO  o.a.c.h.Http11NioProtocol - [log,173] - Starting ProtocolHandler ["http-nio-8080"]
11:32:47.946 [restartedMain] INFO  o.q.c.QuartzScheduler - [start,547] - Scheduler quartzScheduler_$_NON_CLUSTERED started.
11:32:47.953 [restartedMain] INFO  c.r.RuoYiApplication - [logStarted,61] - Started RuoYiApplication in 9.515 seconds (JVM running for 10.485)
11:33:39.601 [http-nio-8080-exec-1] INFO  o.a.c.c.C.[.[.[/] - [log,173] - Initializing Spring DispatcherServlet 'dispatcherServlet'
11:36:49.561 [SpringApplicationShutdownHook] INFO  o.q.c.QuartzScheduler - [standby,585] - Scheduler quartzScheduler_$_NON_CLUSTERED paused.
11:36:49.743 [SpringApplicationShutdownHook] INFO  o.q.c.QuartzScheduler - [shutdown,666] - Scheduler quartzScheduler_$_NON_CLUSTERED shutting down.
11:36:49.743 [SpringApplicationShutdownHook] INFO  o.q.c.QuartzScheduler - [standby,585] - Scheduler quartzScheduler_$_NON_CLUSTERED paused.
11:36:49.744 [SpringApplicationShutdownHook] INFO  o.q.c.QuartzScheduler - [shutdown,740] - Scheduler quartzScheduler_$_NON_CLUSTERED shutdown complete.
11:36:49.744 [SpringApplicationShutdownHook] INFO  sys-user - [shutdownAsyncManager,31] - ====关闭后台任务任务线程池====
11:36:49.748 [SpringApplicationShutdownHook] INFO  c.a.d.p.DruidDataSource - [close,2204] - {dataSource-1} closing ...
11:36:49.781 [SpringApplicationShutdownHook] INFO  c.a.d.p.DruidDataSource - [close,2277] - {dataSource-1} closed
11:36:55.790 [restartedMain] INFO  c.r.RuoYiApplication - [logStarting,55] - Starting RuoYiApplication using Java 1.8.0_251 on 6101-20963 with PID 17208 (E:\Java\ruoyi-admin\target\classes started by admin-7 in E:\Java)
11:36:55.792 [restartedMain] INFO  c.r.RuoYiApplication - [logStartupProfileInfo,686] - The following 1 profile is active: "dev"
11:36:55.796 [background-preinit] INFO  o.h.v.i.util.Version - [<clinit>,21] - HV000001: Hibernate Validator 6.2.5.Final
11:36:58.068 [restartedMain] INFO  o.a.c.h.Http11NioProtocol - [log,173] - Initializing ProtocolHandler ["http-nio-8080"]
11:36:58.068 [restartedMain] INFO  o.a.c.c.StandardService - [log,173] - Starting service [Tomcat]
11:36:58.068 [restartedMain] INFO  o.a.c.c.StandardEngine - [log,173] - Starting Servlet engine: [Apache Tomcat/9.0.75]
11:36:58.179 [restartedMain] INFO  o.a.c.c.C.[.[.[/] - [log,173] - Initializing Spring embedded WebApplicationContext
11:37:01.054 [restartedMain] INFO  c.a.d.p.DruidDataSource - [init,1002] - {dataSource-1} inited
11:37:02.955 [restartedMain] INFO  o.q.i.StdSchedulerFactory - [instantiate,1220] - Using default implementation for ThreadExecutor
11:37:02.964 [restartedMain] INFO  o.q.c.SchedulerSignalerImpl - [<init>,61] - Initialized Scheduler Signaller of type: class org.quartz.core.SchedulerSignalerImpl
11:37:02.964 [restartedMain] INFO  o.q.c.QuartzScheduler - [<init>,229] - Quartz Scheduler v.2.3.2 created.
11:37:02.965 [restartedMain] INFO  o.q.s.RAMJobStore - [initialize,155] - RAMJobStore initialized.
11:37:02.966 [restartedMain] INFO  o.q.c.QuartzScheduler - [initialize,294] - Scheduler meta-data: Quartz Scheduler (v2.3.2) 'quartzScheduler' with instanceId 'NON_CLUSTERED'
  Scheduler class: 'org.quartz.core.QuartzScheduler' - running locally.
  NOT STARTED.
  Currently in standby mode.
  Number of jobs executed: 0
  Using thread pool 'org.quartz.simpl.SimpleThreadPool' - with 10 threads.
  Using job-store 'org.quartz.simpl.RAMJobStore' - which does not support persistence. and is not clustered.

11:37:02.966 [restartedMain] INFO  o.q.i.StdSchedulerFactory - [instantiate,1374] - Quartz scheduler 'quartzScheduler' initialized from an externally provided properties instance.
11:37:02.966 [restartedMain] INFO  o.q.i.StdSchedulerFactory - [instantiate,1378] - Quartz scheduler version: 2.3.2
11:37:02.966 [restartedMain] INFO  o.q.c.QuartzScheduler - [setJobFactory,2293] - JobFactory set to: org.springframework.scheduling.quartz.SpringBeanJobFactory@4f2e4706
11:37:04.749 [restartedMain] INFO  o.a.c.h.Http11NioProtocol - [log,173] - Starting ProtocolHandler ["http-nio-8080"]
11:37:05.004 [restartedMain] INFO  o.q.c.QuartzScheduler - [start,547] - Scheduler quartzScheduler_$_NON_CLUSTERED started.
11:37:05.012 [restartedMain] INFO  c.r.RuoYiApplication - [logStarted,61] - Started RuoYiApplication in 9.581 seconds (JVM running for 10.444)
11:37:21.067 [http-nio-8080-exec-1] INFO  o.a.c.c.C.[.[.[/] - [log,173] - Initializing Spring DispatcherServlet 'dispatcherServlet'
11:40:24.760 [SpringApplicationShutdownHook] INFO  o.q.c.QuartzScheduler - [standby,585] - Scheduler quartzScheduler_$_NON_CLUSTERED paused.
11:40:24.918 [SpringApplicationShutdownHook] INFO  o.q.c.QuartzScheduler - [shutdown,666] - Scheduler quartzScheduler_$_NON_CLUSTERED shutting down.
11:40:24.918 [SpringApplicationShutdownHook] INFO  o.q.c.QuartzScheduler - [standby,585] - Scheduler quartzScheduler_$_NON_CLUSTERED paused.
11:40:24.919 [SpringApplicationShutdownHook] INFO  o.q.c.QuartzScheduler - [shutdown,740] - Scheduler quartzScheduler_$_NON_CLUSTERED shutdown complete.
11:40:24.919 [SpringApplicationShutdownHook] INFO  sys-user - [shutdownAsyncManager,31] - ====关闭后台任务任务线程池====
11:40:24.926 [SpringApplicationShutdownHook] INFO  c.a.d.p.DruidDataSource - [close,2204] - {dataSource-1} closing ...
11:40:24.954 [SpringApplicationShutdownHook] INFO  c.a.d.p.DruidDataSource - [close,2277] - {dataSource-1} closed
11:42:05.620 [restartedMain] INFO  c.r.RuoYiApplication - [logStarting,55] - Starting RuoYiApplication using Java 1.8.0_251 on 6101-20963 with PID 2344 (E:\Java\ruoyi-admin\target\classes started by admin-7 in E:\Java)
11:42:05.623 [restartedMain] INFO  c.r.RuoYiApplication - [logStartupProfileInfo,686] - The following 1 profile is active: "dev"
11:42:05.627 [background-preinit] INFO  o.h.v.i.util.Version - [<clinit>,21] - HV000001: Hibernate Validator 6.2.5.Final
11:42:07.892 [restartedMain] INFO  o.a.c.h.Http11NioProtocol - [log,173] - Initializing ProtocolHandler ["http-nio-8080"]
11:42:07.893 [restartedMain] INFO  o.a.c.c.StandardService - [log,173] - Starting service [Tomcat]
11:42:07.893 [restartedMain] INFO  o.a.c.c.StandardEngine - [log,173] - Starting Servlet engine: [Apache Tomcat/9.0.75]
11:42:08.001 [restartedMain] INFO  o.a.c.c.C.[.[.[/] - [log,173] - Initializing Spring embedded WebApplicationContext
11:42:10.850 [restartedMain] INFO  c.a.d.p.DruidDataSource - [init,1002] - {dataSource-1} inited
11:42:12.768 [restartedMain] INFO  o.q.i.StdSchedulerFactory - [instantiate,1220] - Using default implementation for ThreadExecutor
11:42:12.777 [restartedMain] INFO  o.q.c.SchedulerSignalerImpl - [<init>,61] - Initialized Scheduler Signaller of type: class org.quartz.core.SchedulerSignalerImpl
11:42:12.777 [restartedMain] INFO  o.q.c.QuartzScheduler - [<init>,229] - Quartz Scheduler v.2.3.2 created.
11:42:12.778 [restartedMain] INFO  o.q.s.RAMJobStore - [initialize,155] - RAMJobStore initialized.
11:42:12.778 [restartedMain] INFO  o.q.c.QuartzScheduler - [initialize,294] - Scheduler meta-data: Quartz Scheduler (v2.3.2) 'quartzScheduler' with instanceId 'NON_CLUSTERED'
  Scheduler class: 'org.quartz.core.QuartzScheduler' - running locally.
  NOT STARTED.
  Currently in standby mode.
  Number of jobs executed: 0
  Using thread pool 'org.quartz.simpl.SimpleThreadPool' - with 10 threads.
  Using job-store 'org.quartz.simpl.RAMJobStore' - which does not support persistence. and is not clustered.

11:42:12.778 [restartedMain] INFO  o.q.i.StdSchedulerFactory - [instantiate,1374] - Quartz scheduler 'quartzScheduler' initialized from an externally provided properties instance.
11:42:12.779 [restartedMain] INFO  o.q.i.StdSchedulerFactory - [instantiate,1378] - Quartz scheduler version: 2.3.2
11:42:12.779 [restartedMain] INFO  o.q.c.QuartzScheduler - [setJobFactory,2293] - JobFactory set to: org.springframework.scheduling.quartz.SpringBeanJobFactory@7361dc23
11:42:14.564 [restartedMain] INFO  o.a.c.h.Http11NioProtocol - [log,173] - Starting ProtocolHandler ["http-nio-8080"]
11:42:14.826 [restartedMain] INFO  o.q.c.QuartzScheduler - [start,547] - Scheduler quartzScheduler_$_NON_CLUSTERED started.
11:42:14.834 [restartedMain] INFO  c.r.RuoYiApplication - [logStarted,61] - Started RuoYiApplication in 9.575 seconds (JVM running for 10.51)
11:42:19.560 [http-nio-8080-exec-1] INFO  o.a.c.c.C.[.[.[/] - [log,173] - Initializing Spring DispatcherServlet 'dispatcherServlet'
11:54:42.802 [SpringApplicationShutdownHook] INFO  o.q.c.QuartzScheduler - [standby,585] - Scheduler quartzScheduler_$_NON_CLUSTERED paused.
11:54:43.025 [SpringApplicationShutdownHook] INFO  o.q.c.QuartzScheduler - [shutdown,666] - Scheduler quartzScheduler_$_NON_CLUSTERED shutting down.
11:54:43.025 [SpringApplicationShutdownHook] INFO  o.q.c.QuartzScheduler - [standby,585] - Scheduler quartzScheduler_$_NON_CLUSTERED paused.
11:54:43.026 [SpringApplicationShutdownHook] INFO  o.q.c.QuartzScheduler - [shutdown,740] - Scheduler quartzScheduler_$_NON_CLUSTERED shutdown complete.
11:54:43.026 [SpringApplicationShutdownHook] INFO  sys-user - [shutdownAsyncManager,31] - ====关闭后台任务任务线程池====
11:54:43.029 [SpringApplicationShutdownHook] INFO  c.a.d.p.DruidDataSource - [close,2204] - {dataSource-1} closing ...
11:54:43.036 [SpringApplicationShutdownHook] INFO  c.a.d.p.DruidDataSource - [close,2277] - {dataSource-1} closed
11:54:48.808 [restartedMain] INFO  c.r.RuoYiApplication - [logStarting,55] - Starting RuoYiApplication using Java 1.8.0_251 on 6101-20963 with PID 15392 (E:\Java\ruoyi-admin\target\classes started by admin-7 in E:\Java)
11:54:48.810 [restartedMain] INFO  c.r.RuoYiApplication - [logStartupProfileInfo,686] - The following 1 profile is active: "dev"
11:54:48.814 [background-preinit] INFO  o.h.v.i.util.Version - [<clinit>,21] - HV000001: Hibernate Validator 6.2.5.Final
11:54:51.057 [restartedMain] INFO  o.a.c.h.Http11NioProtocol - [log,173] - Initializing ProtocolHandler ["http-nio-8080"]
11:54:51.058 [restartedMain] INFO  o.a.c.c.StandardService - [log,173] - Starting service [Tomcat]
11:54:51.058 [restartedMain] INFO  o.a.c.c.StandardEngine - [log,173] - Starting Servlet engine: [Apache Tomcat/9.0.75]
11:54:51.165 [restartedMain] INFO  o.a.c.c.C.[.[.[/] - [log,173] - Initializing Spring embedded WebApplicationContext
11:54:54.111 [restartedMain] INFO  c.a.d.p.DruidDataSource - [init,1002] - {dataSource-1} inited
11:54:56.015 [restartedMain] INFO  o.q.i.StdSchedulerFactory - [instantiate,1220] - Using default implementation for ThreadExecutor
11:54:56.024 [restartedMain] INFO  o.q.c.SchedulerSignalerImpl - [<init>,61] - Initialized Scheduler Signaller of type: class org.quartz.core.SchedulerSignalerImpl
11:54:56.024 [restartedMain] INFO  o.q.c.QuartzScheduler - [<init>,229] - Quartz Scheduler v.2.3.2 created.
11:54:56.025 [restartedMain] INFO  o.q.s.RAMJobStore - [initialize,155] - RAMJobStore initialized.
11:54:56.025 [restartedMain] INFO  o.q.c.QuartzScheduler - [initialize,294] - Scheduler meta-data: Quartz Scheduler (v2.3.2) 'quartzScheduler' with instanceId 'NON_CLUSTERED'
  Scheduler class: 'org.quartz.core.QuartzScheduler' - running locally.
  NOT STARTED.
  Currently in standby mode.
  Number of jobs executed: 0
  Using thread pool 'org.quartz.simpl.SimpleThreadPool' - with 10 threads.
  Using job-store 'org.quartz.simpl.RAMJobStore' - which does not support persistence. and is not clustered.

11:54:56.025 [restartedMain] INFO  o.q.i.StdSchedulerFactory - [instantiate,1374] - Quartz scheduler 'quartzScheduler' initialized from an externally provided properties instance.
11:54:56.025 [restartedMain] INFO  o.q.i.StdSchedulerFactory - [instantiate,1378] - Quartz scheduler version: 2.3.2
11:54:56.026 [restartedMain] INFO  o.q.c.QuartzScheduler - [setJobFactory,2293] - JobFactory set to: org.springframework.scheduling.quartz.SpringBeanJobFactory@149ae7aa
11:54:57.785 [restartedMain] INFO  o.a.c.h.Http11NioProtocol - [log,173] - Starting ProtocolHandler ["http-nio-8080"]
11:54:58.040 [restartedMain] INFO  o.q.c.QuartzScheduler - [start,547] - Scheduler quartzScheduler_$_NON_CLUSTERED started.
11:54:58.048 [restartedMain] INFO  c.r.RuoYiApplication - [logStarted,61] - Started RuoYiApplication in 9.599 seconds (JVM running for 10.523)
11:57:00.178 [http-nio-8080-exec-1] INFO  o.a.c.c.C.[.[.[/] - [log,173] - Initializing Spring DispatcherServlet 'dispatcherServlet'
14:02:43.653 [schedule-pool-1] INFO  sys-user - [run,55] - [127.0.0.1]内网IP[admin][Success][登录成功]
14:11:09.203 [SpringApplicationShutdownHook] INFO  o.q.c.QuartzScheduler - [standby,585] - Scheduler quartzScheduler_$_NON_CLUSTERED paused.
14:11:09.363 [SpringApplicationShutdownHook] INFO  o.q.c.QuartzScheduler - [shutdown,666] - Scheduler quartzScheduler_$_NON_CLUSTERED shutting down.
14:11:09.363 [SpringApplicationShutdownHook] INFO  o.q.c.QuartzScheduler - [standby,585] - Scheduler quartzScheduler_$_NON_CLUSTERED paused.
14:11:09.363 [SpringApplicationShutdownHook] INFO  o.q.c.QuartzScheduler - [shutdown,740] - Scheduler quartzScheduler_$_NON_CLUSTERED shutdown complete.
14:11:09.363 [SpringApplicationShutdownHook] INFO  sys-user - [shutdownAsyncManager,31] - ====关闭后台任务任务线程池====
14:11:09.365 [SpringApplicationShutdownHook] INFO  c.a.d.p.DruidDataSource - [close,2204] - {dataSource-1} closing ...
14:11:09.366 [SpringApplicationShutdownHook] INFO  c.a.d.p.DruidDataSource - [close,2277] - {dataSource-1} closed
14:11:15.943 [restartedMain] INFO  c.r.RuoYiApplication - [logStarting,55] - Starting RuoYiApplication using Java 1.8.0_251 on 6101-20963 with PID 6836 (E:\Java\ruoyi-admin\target\classes started by admin-7 in E:\Java)
14:11:15.946 [restartedMain] INFO  c.r.RuoYiApplication - [logStartupProfileInfo,686] - The following 1 profile is active: "dev"
14:11:15.950 [background-preinit] INFO  o.h.v.i.util.Version - [<clinit>,21] - HV000001: Hibernate Validator 6.2.5.Final
14:11:18.231 [restartedMain] INFO  o.a.c.h.Http11NioProtocol - [log,173] - Initializing ProtocolHandler ["http-nio-8080"]
14:11:18.231 [restartedMain] INFO  o.a.c.c.StandardService - [log,173] - Starting service [Tomcat]
14:11:18.232 [restartedMain] INFO  o.a.c.c.StandardEngine - [log,173] - Starting Servlet engine: [Apache Tomcat/9.0.75]
14:11:18.337 [restartedMain] INFO  o.a.c.c.C.[.[.[/] - [log,173] - Initializing Spring embedded WebApplicationContext
14:11:22.085 [restartedMain] INFO  c.a.d.p.DruidDataSource - [init,1002] - {dataSource-1} inited
14:11:24.031 [restartedMain] INFO  o.q.i.StdSchedulerFactory - [instantiate,1220] - Using default implementation for ThreadExecutor
14:11:24.040 [restartedMain] INFO  o.q.c.SchedulerSignalerImpl - [<init>,61] - Initialized Scheduler Signaller of type: class org.quartz.core.SchedulerSignalerImpl
14:11:24.040 [restartedMain] INFO  o.q.c.QuartzScheduler - [<init>,229] - Quartz Scheduler v.2.3.2 created.
14:11:24.040 [restartedMain] INFO  o.q.s.RAMJobStore - [initialize,155] - RAMJobStore initialized.
14:11:24.041 [restartedMain] INFO  o.q.c.QuartzScheduler - [initialize,294] - Scheduler meta-data: Quartz Scheduler (v2.3.2) 'quartzScheduler' with instanceId 'NON_CLUSTERED'
  Scheduler class: 'org.quartz.core.QuartzScheduler' - running locally.
  NOT STARTED.
  Currently in standby mode.
  Number of jobs executed: 0
  Using thread pool 'org.quartz.simpl.SimpleThreadPool' - with 10 threads.
  Using job-store 'org.quartz.simpl.RAMJobStore' - which does not support persistence. and is not clustered.

14:11:24.041 [restartedMain] INFO  o.q.i.StdSchedulerFactory - [instantiate,1374] - Quartz scheduler 'quartzScheduler' initialized from an externally provided properties instance.
14:11:24.041 [restartedMain] INFO  o.q.i.StdSchedulerFactory - [instantiate,1378] - Quartz scheduler version: 2.3.2
14:11:24.042 [restartedMain] INFO  o.q.c.QuartzScheduler - [setJobFactory,2293] - JobFactory set to: org.springframework.scheduling.quartz.SpringBeanJobFactory@1bb6f534
14:11:25.805 [restartedMain] INFO  o.a.c.h.Http11NioProtocol - [log,173] - Starting ProtocolHandler ["http-nio-8080"]
14:11:26.060 [restartedMain] INFO  o.q.c.QuartzScheduler - [start,547] - Scheduler quartzScheduler_$_NON_CLUSTERED started.
14:11:26.067 [restartedMain] INFO  c.r.RuoYiApplication - [logStarted,61] - Started RuoYiApplication in 10.52 seconds (JVM running for 11.381)
14:13:56.686 [http-nio-8080-exec-1] INFO  o.a.c.c.C.[.[.[/] - [log,173] - Initializing Spring DispatcherServlet 'dispatcherServlet'
14:41:00.827 [SpringApplicationShutdownHook] INFO  o.q.c.QuartzScheduler - [standby,585] - Scheduler quartzScheduler_$_NON_CLUSTERED paused.
14:41:00.987 [SpringApplicationShutdownHook] INFO  o.q.c.QuartzScheduler - [shutdown,666] - Scheduler quartzScheduler_$_NON_CLUSTERED shutting down.
14:41:00.987 [SpringApplicationShutdownHook] INFO  o.q.c.QuartzScheduler - [standby,585] - Scheduler quartzScheduler_$_NON_CLUSTERED paused.
14:41:00.987 [SpringApplicationShutdownHook] INFO  o.q.c.QuartzScheduler - [shutdown,740] - Scheduler quartzScheduler_$_NON_CLUSTERED shutdown complete.
14:41:00.988 [SpringApplicationShutdownHook] INFO  sys-user - [shutdownAsyncManager,31] - ====关闭后台任务任务线程池====
14:41:00.992 [SpringApplicationShutdownHook] INFO  c.a.d.p.DruidDataSource - [close,2204] - {dataSource-1} closing ...
14:41:00.999 [SpringApplicationShutdownHook] INFO  c.a.d.p.DruidDataSource - [close,2277] - {dataSource-1} closed
14:41:06.997 [restartedMain] INFO  c.r.RuoYiApplication - [logStarting,55] - Starting RuoYiApplication using Java 1.8.0_251 on 6101-20963 with PID 17688 (E:\Java\ruoyi-admin\target\classes started by admin-7 in E:\Java)
14:41:07.000 [restartedMain] INFO  c.r.RuoYiApplication - [logStartupProfileInfo,686] - The following 1 profile is active: "dev"
14:41:07.004 [background-preinit] INFO  o.h.v.i.util.Version - [<clinit>,21] - HV000001: Hibernate Validator 6.2.5.Final
14:41:09.285 [restartedMain] INFO  o.a.c.h.Http11NioProtocol - [log,173] - Initializing ProtocolHandler ["http-nio-8080"]
14:41:09.286 [restartedMain] INFO  o.a.c.c.StandardService - [log,173] - Starting service [Tomcat]
14:41:09.286 [restartedMain] INFO  o.a.c.c.StandardEngine - [log,173] - Starting Servlet engine: [Apache Tomcat/9.0.75]
14:41:09.400 [restartedMain] INFO  o.a.c.c.C.[.[.[/] - [log,173] - Initializing Spring embedded WebApplicationContext
14:41:12.271 [restartedMain] INFO  c.a.d.p.DruidDataSource - [init,1002] - {dataSource-1} inited
14:41:14.211 [restartedMain] INFO  o.q.i.StdSchedulerFactory - [instantiate,1220] - Using default implementation for ThreadExecutor
14:41:14.220 [restartedMain] INFO  o.q.c.SchedulerSignalerImpl - [<init>,61] - Initialized Scheduler Signaller of type: class org.quartz.core.SchedulerSignalerImpl
14:41:14.220 [restartedMain] INFO  o.q.c.QuartzScheduler - [<init>,229] - Quartz Scheduler v.2.3.2 created.
14:41:14.221 [restartedMain] INFO  o.q.s.RAMJobStore - [initialize,155] - RAMJobStore initialized.
14:41:14.221 [restartedMain] INFO  o.q.c.QuartzScheduler - [initialize,294] - Scheduler meta-data: Quartz Scheduler (v2.3.2) 'quartzScheduler' with instanceId 'NON_CLUSTERED'
  Scheduler class: 'org.quartz.core.QuartzScheduler' - running locally.
  NOT STARTED.
  Currently in standby mode.
  Number of jobs executed: 0
  Using thread pool 'org.quartz.simpl.SimpleThreadPool' - with 10 threads.
  Using job-store 'org.quartz.simpl.RAMJobStore' - which does not support persistence. and is not clustered.

14:41:14.222 [restartedMain] INFO  o.q.i.StdSchedulerFactory - [instantiate,1374] - Quartz scheduler 'quartzScheduler' initialized from an externally provided properties instance.
14:41:14.222 [restartedMain] INFO  o.q.i.StdSchedulerFactory - [instantiate,1378] - Quartz scheduler version: 2.3.2
14:41:14.222 [restartedMain] INFO  o.q.c.QuartzScheduler - [setJobFactory,2293] - JobFactory set to: org.springframework.scheduling.quartz.SpringBeanJobFactory@160a05ac
14:41:15.979 [restartedMain] INFO  o.a.c.h.Http11NioProtocol - [log,173] - Starting ProtocolHandler ["http-nio-8080"]
14:41:16.216 [restartedMain] INFO  o.q.c.QuartzScheduler - [start,547] - Scheduler quartzScheduler_$_NON_CLUSTERED started.
14:41:16.223 [restartedMain] INFO  c.r.RuoYiApplication - [logStarted,61] - Started RuoYiApplication in 9.591 seconds (JVM running for 10.546)
14:43:15.470 [http-nio-8080-exec-1] INFO  o.a.c.c.C.[.[.[/] - [log,173] - Initializing Spring DispatcherServlet 'dispatcherServlet'
14:44:10.874 [SpringApplicationShutdownHook] INFO  o.q.c.QuartzScheduler - [standby,585] - Scheduler quartzScheduler_$_NON_CLUSTERED paused.
14:44:11.034 [SpringApplicationShutdownHook] INFO  o.q.c.QuartzScheduler - [shutdown,666] - Scheduler quartzScheduler_$_NON_CLUSTERED shutting down.
14:44:11.034 [SpringApplicationShutdownHook] INFO  o.q.c.QuartzScheduler - [standby,585] - Scheduler quartzScheduler_$_NON_CLUSTERED paused.
14:44:11.034 [SpringApplicationShutdownHook] INFO  o.q.c.QuartzScheduler - [shutdown,740] - Scheduler quartzScheduler_$_NON_CLUSTERED shutdown complete.
14:44:11.034 [SpringApplicationShutdownHook] INFO  sys-user - [shutdownAsyncManager,31] - ====关闭后台任务任务线程池====
14:44:11.037 [SpringApplicationShutdownHook] INFO  c.a.d.p.DruidDataSource - [close,2204] - {dataSource-1} closing ...
14:44:11.060 [SpringApplicationShutdownHook] INFO  c.a.d.p.DruidDataSource - [close,2277] - {dataSource-1} closed
14:44:16.592 [restartedMain] INFO  c.r.RuoYiApplication - [logStarting,55] - Starting RuoYiApplication using Java 1.8.0_251 on 6101-20963 with PID 16412 (E:\Java\ruoyi-admin\target\classes started by admin-7 in E:\Java)
14:44:16.594 [restartedMain] INFO  c.r.RuoYiApplication - [logStartupProfileInfo,686] - The following 1 profile is active: "dev"
14:44:16.598 [background-preinit] INFO  o.h.v.i.util.Version - [<clinit>,21] - HV000001: Hibernate Validator 6.2.5.Final
14:44:18.839 [restartedMain] INFO  o.a.c.h.Http11NioProtocol - [log,173] - Initializing ProtocolHandler ["http-nio-8080"]
14:44:18.840 [restartedMain] INFO  o.a.c.c.StandardService - [log,173] - Starting service [Tomcat]
14:44:18.840 [restartedMain] INFO  o.a.c.c.StandardEngine - [log,173] - Starting Servlet engine: [Apache Tomcat/9.0.75]
14:44:18.950 [restartedMain] INFO  o.a.c.c.C.[.[.[/] - [log,173] - Initializing Spring embedded WebApplicationContext
14:44:21.836 [restartedMain] INFO  c.a.d.p.DruidDataSource - [init,1002] - {dataSource-1} inited
14:44:23.730 [restartedMain] INFO  o.q.i.StdSchedulerFactory - [instantiate,1220] - Using default implementation for ThreadExecutor
14:44:23.739 [restartedMain] INFO  o.q.c.SchedulerSignalerImpl - [<init>,61] - Initialized Scheduler Signaller of type: class org.quartz.core.SchedulerSignalerImpl
14:44:23.739 [restartedMain] INFO  o.q.c.QuartzScheduler - [<init>,229] - Quartz Scheduler v.2.3.2 created.
14:44:23.740 [restartedMain] INFO  o.q.s.RAMJobStore - [initialize,155] - RAMJobStore initialized.
14:44:23.741 [restartedMain] INFO  o.q.c.QuartzScheduler - [initialize,294] - Scheduler meta-data: Quartz Scheduler (v2.3.2) 'quartzScheduler' with instanceId 'NON_CLUSTERED'
  Scheduler class: 'org.quartz.core.QuartzScheduler' - running locally.
  NOT STARTED.
  Currently in standby mode.
  Number of jobs executed: 0
  Using thread pool 'org.quartz.simpl.SimpleThreadPool' - with 10 threads.
  Using job-store 'org.quartz.simpl.RAMJobStore' - which does not support persistence. and is not clustered.

14:44:23.741 [restartedMain] INFO  o.q.i.StdSchedulerFactory - [instantiate,1374] - Quartz scheduler 'quartzScheduler' initialized from an externally provided properties instance.
14:44:23.741 [restartedMain] INFO  o.q.i.StdSchedulerFactory - [instantiate,1378] - Quartz scheduler version: 2.3.2
14:44:23.741 [restartedMain] INFO  o.q.c.QuartzScheduler - [setJobFactory,2293] - JobFactory set to: org.springframework.scheduling.quartz.SpringBeanJobFactory@734000b4
14:44:25.497 [restartedMain] INFO  o.a.c.h.Http11NioProtocol - [log,173] - Starting ProtocolHandler ["http-nio-8080"]
14:44:25.740 [restartedMain] INFO  o.q.c.QuartzScheduler - [start,547] - Scheduler quartzScheduler_$_NON_CLUSTERED started.
14:44:25.747 [restartedMain] INFO  c.r.RuoYiApplication - [logStarted,61] - Started RuoYiApplication in 9.521 seconds (JVM running for 10.47)
14:45:42.728 [http-nio-8080-exec-1] INFO  o.a.c.c.C.[.[.[/] - [log,173] - Initializing Spring DispatcherServlet 'dispatcherServlet'
14:46:19.087 [SpringApplicationShutdownHook] INFO  o.q.c.QuartzScheduler - [standby,585] - Scheduler quartzScheduler_$_NON_CLUSTERED paused.
14:46:19.243 [SpringApplicationShutdownHook] INFO  o.q.c.QuartzScheduler - [shutdown,666] - Scheduler quartzScheduler_$_NON_CLUSTERED shutting down.
14:46:19.244 [SpringApplicationShutdownHook] INFO  o.q.c.QuartzScheduler - [standby,585] - Scheduler quartzScheduler_$_NON_CLUSTERED paused.
14:46:19.244 [SpringApplicationShutdownHook] INFO  o.q.c.QuartzScheduler - [shutdown,740] - Scheduler quartzScheduler_$_NON_CLUSTERED shutdown complete.
14:46:19.244 [SpringApplicationShutdownHook] INFO  sys-user - [shutdownAsyncManager,31] - ====关闭后台任务任务线程池====
14:46:19.246 [SpringApplicationShutdownHook] INFO  c.a.d.p.DruidDataSource - [close,2204] - {dataSource-1} closing ...
14:46:19.251 [SpringApplicationShutdownHook] INFO  c.a.d.p.DruidDataSource - [close,2277] - {dataSource-1} closed
14:46:24.797 [restartedMain] INFO  c.r.RuoYiApplication - [logStarting,55] - Starting RuoYiApplication using Java 1.8.0_251 on 6101-20963 with PID 18360 (E:\Java\ruoyi-admin\target\classes started by admin-7 in E:\Java)
14:46:24.799 [restartedMain] INFO  c.r.RuoYiApplication - [logStartupProfileInfo,686] - The following 1 profile is active: "dev"
14:46:24.803 [background-preinit] INFO  o.h.v.i.util.Version - [<clinit>,21] - HV000001: Hibernate Validator 6.2.5.Final
14:46:27.030 [restartedMain] INFO  o.a.c.h.Http11NioProtocol - [log,173] - Initializing ProtocolHandler ["http-nio-8080"]
14:46:27.030 [restartedMain] INFO  o.a.c.c.StandardService - [log,173] - Starting service [Tomcat]
14:46:27.031 [restartedMain] INFO  o.a.c.c.StandardEngine - [log,173] - Starting Servlet engine: [Apache Tomcat/9.0.75]
14:46:27.137 [restartedMain] INFO  o.a.c.c.C.[.[.[/] - [log,173] - Initializing Spring embedded WebApplicationContext
14:46:31.113 [restartedMain] INFO  c.a.d.p.DruidDataSource - [init,1002] - {dataSource-1} inited
14:46:33.007 [restartedMain] INFO  o.q.i.StdSchedulerFactory - [instantiate,1220] - Using default implementation for ThreadExecutor
14:46:33.016 [restartedMain] INFO  o.q.c.SchedulerSignalerImpl - [<init>,61] - Initialized Scheduler Signaller of type: class org.quartz.core.SchedulerSignalerImpl
14:46:33.016 [restartedMain] INFO  o.q.c.QuartzScheduler - [<init>,229] - Quartz Scheduler v.2.3.2 created.
14:46:33.017 [restartedMain] INFO  o.q.s.RAMJobStore - [initialize,155] - RAMJobStore initialized.
14:46:33.017 [restartedMain] INFO  o.q.c.QuartzScheduler - [initialize,294] - Scheduler meta-data: Quartz Scheduler (v2.3.2) 'quartzScheduler' with instanceId 'NON_CLUSTERED'
  Scheduler class: 'org.quartz.core.QuartzScheduler' - running locally.
  NOT STARTED.
  Currently in standby mode.
  Number of jobs executed: 0
  Using thread pool 'org.quartz.simpl.SimpleThreadPool' - with 10 threads.
  Using job-store 'org.quartz.simpl.RAMJobStore' - which does not support persistence. and is not clustered.

14:46:33.018 [restartedMain] INFO  o.q.i.StdSchedulerFactory - [instantiate,1374] - Quartz scheduler 'quartzScheduler' initialized from an externally provided properties instance.
14:46:33.018 [restartedMain] INFO  o.q.i.StdSchedulerFactory - [instantiate,1378] - Quartz scheduler version: 2.3.2
14:46:33.018 [restartedMain] INFO  o.q.c.QuartzScheduler - [setJobFactory,2293] - JobFactory set to: org.springframework.scheduling.quartz.SpringBeanJobFactory@6e0a394a
14:46:34.791 [restartedMain] INFO  o.a.c.h.Http11NioProtocol - [log,173] - Starting ProtocolHandler ["http-nio-8080"]
14:46:35.043 [restartedMain] INFO  o.q.c.QuartzScheduler - [start,547] - Scheduler quartzScheduler_$_NON_CLUSTERED started.
14:46:35.050 [restartedMain] INFO  c.r.RuoYiApplication - [logStarted,61] - Started RuoYiApplication in 10.609 seconds (JVM running for 11.468)
14:50:08.639 [http-nio-8080-exec-1] INFO  o.a.c.c.C.[.[.[/] - [log,173] - Initializing Spring DispatcherServlet 'dispatcherServlet'
14:54:17.204 [SpringApplicationShutdownHook] INFO  o.q.c.QuartzScheduler - [standby,585] - Scheduler quartzScheduler_$_NON_CLUSTERED paused.
14:54:17.380 [SpringApplicationShutdownHook] INFO  o.q.c.QuartzScheduler - [shutdown,666] - Scheduler quartzScheduler_$_NON_CLUSTERED shutting down.
14:54:17.380 [SpringApplicationShutdownHook] INFO  o.q.c.QuartzScheduler - [standby,585] - Scheduler quartzScheduler_$_NON_CLUSTERED paused.
14:54:17.380 [SpringApplicationShutdownHook] INFO  o.q.c.QuartzScheduler - [shutdown,740] - Scheduler quartzScheduler_$_NON_CLUSTERED shutdown complete.
14:54:17.380 [SpringApplicationShutdownHook] INFO  sys-user - [shutdownAsyncManager,31] - ====关闭后台任务任务线程池====
14:54:17.382 [SpringApplicationShutdownHook] INFO  c.a.d.p.DruidDataSource - [close,2204] - {dataSource-1} closing ...
14:54:17.386 [SpringApplicationShutdownHook] INFO  c.a.d.p.DruidDataSource - [close,2277] - {dataSource-1} closed
14:54:23.163 [restartedMain] INFO  c.r.RuoYiApplication - [logStarting,55] - Starting RuoYiApplication using Java 1.8.0_251 on 6101-20963 with PID 17008 (E:\Java\ruoyi-admin\target\classes started by admin-7 in E:\Java)
14:54:23.166 [restartedMain] INFO  c.r.RuoYiApplication - [logStartupProfileInfo,686] - The following 1 profile is active: "dev"
14:54:23.167 [background-preinit] INFO  o.h.v.i.util.Version - [<clinit>,21] - HV000001: Hibernate Validator 6.2.5.Final
14:54:25.479 [restartedMain] INFO  o.a.c.h.Http11NioProtocol - [log,173] - Initializing ProtocolHandler ["http-nio-8080"]
14:54:25.480 [restartedMain] INFO  o.a.c.c.StandardService - [log,173] - Starting service [Tomcat]
14:54:25.480 [restartedMain] INFO  o.a.c.c.StandardEngine - [log,173] - Starting Servlet engine: [Apache Tomcat/9.0.75]
14:54:25.589 [restartedMain] INFO  o.a.c.c.C.[.[.[/] - [log,173] - Initializing Spring embedded WebApplicationContext
14:54:28.533 [restartedMain] INFO  c.a.d.p.DruidDataSource - [init,1002] - {dataSource-1} inited
14:54:30.471 [restartedMain] INFO  o.q.i.StdSchedulerFactory - [instantiate,1220] - Using default implementation for ThreadExecutor
14:54:30.480 [restartedMain] INFO  o.q.c.SchedulerSignalerImpl - [<init>,61] - Initialized Scheduler Signaller of type: class org.quartz.core.SchedulerSignalerImpl
14:54:30.480 [restartedMain] INFO  o.q.c.QuartzScheduler - [<init>,229] - Quartz Scheduler v.2.3.2 created.
14:54:30.481 [restartedMain] INFO  o.q.s.RAMJobStore - [initialize,155] - RAMJobStore initialized.
14:54:30.482 [restartedMain] INFO  o.q.c.QuartzScheduler - [initialize,294] - Scheduler meta-data: Quartz Scheduler (v2.3.2) 'quartzScheduler' with instanceId 'NON_CLUSTERED'
  Scheduler class: 'org.quartz.core.QuartzScheduler' - running locally.
  NOT STARTED.
  Currently in standby mode.
  Number of jobs executed: 0
  Using thread pool 'org.quartz.simpl.SimpleThreadPool' - with 10 threads.
  Using job-store 'org.quartz.simpl.RAMJobStore' - which does not support persistence. and is not clustered.

14:54:30.482 [restartedMain] INFO  o.q.i.StdSchedulerFactory - [instantiate,1374] - Quartz scheduler 'quartzScheduler' initialized from an externally provided properties instance.
14:54:30.482 [restartedMain] INFO  o.q.i.StdSchedulerFactory - [instantiate,1378] - Quartz scheduler version: 2.3.2
14:54:30.482 [restartedMain] INFO  o.q.c.QuartzScheduler - [setJobFactory,2293] - JobFactory set to: org.springframework.scheduling.quartz.SpringBeanJobFactory@699927ff
14:54:32.263 [restartedMain] INFO  o.a.c.h.Http11NioProtocol - [log,173] - Starting ProtocolHandler ["http-nio-8080"]
14:54:32.504 [restartedMain] INFO  o.q.c.QuartzScheduler - [start,547] - Scheduler quartzScheduler_$_NON_CLUSTERED started.
14:54:32.512 [restartedMain] INFO  c.r.RuoYiApplication - [logStarted,61] - Started RuoYiApplication in 9.729 seconds (JVM running for 10.649)
14:55:50.119 [http-nio-8080-exec-1] INFO  o.a.c.c.C.[.[.[/] - [log,173] - Initializing Spring DispatcherServlet 'dispatcherServlet'
15:10:41.173 [SpringApplicationShutdownHook] INFO  o.q.c.QuartzScheduler - [standby,585] - Scheduler quartzScheduler_$_NON_CLUSTERED paused.
15:10:41.328 [SpringApplicationShutdownHook] INFO  o.q.c.QuartzScheduler - [shutdown,666] - Scheduler quartzScheduler_$_NON_CLUSTERED shutting down.
15:10:41.329 [SpringApplicationShutdownHook] INFO  o.q.c.QuartzScheduler - [standby,585] - Scheduler quartzScheduler_$_NON_CLUSTERED paused.
15:10:41.329 [SpringApplicationShutdownHook] INFO  o.q.c.QuartzScheduler - [shutdown,740] - Scheduler quartzScheduler_$_NON_CLUSTERED shutdown complete.
15:10:41.329 [SpringApplicationShutdownHook] INFO  sys-user - [shutdownAsyncManager,31] - ====关闭后台任务任务线程池====
15:10:41.331 [SpringApplicationShutdownHook] INFO  c.a.d.p.DruidDataSource - [close,2204] - {dataSource-1} closing ...
15:10:41.333 [SpringApplicationShutdownHook] INFO  c.a.d.p.DruidDataSource - [close,2277] - {dataSource-1} closed
15:10:47.279 [restartedMain] INFO  c.r.RuoYiApplication - [logStarting,55] - Starting RuoYiApplication using Java 1.8.0_251 on 6101-20963 with PID 18404 (E:\Java\ruoyi-admin\target\classes started by admin-7 in E:\Java)
15:10:47.282 [restartedMain] INFO  c.r.RuoYiApplication - [logStartupProfileInfo,686] - The following 1 profile is active: "dev"
15:10:47.287 [background-preinit] INFO  o.h.v.i.util.Version - [<clinit>,21] - HV000001: Hibernate Validator 6.2.5.Final
15:10:49.592 [restartedMain] INFO  o.a.c.h.Http11NioProtocol - [log,173] - Initializing ProtocolHandler ["http-nio-8080"]
15:10:49.592 [restartedMain] INFO  o.a.c.c.StandardService - [log,173] - Starting service [Tomcat]
15:10:49.592 [restartedMain] INFO  o.a.c.c.StandardEngine - [log,173] - Starting Servlet engine: [Apache Tomcat/9.0.75]
15:10:49.699 [restartedMain] INFO  o.a.c.c.C.[.[.[/] - [log,173] - Initializing Spring embedded WebApplicationContext
15:10:52.575 [restartedMain] INFO  c.a.d.p.DruidDataSource - [init,1002] - {dataSource-1} inited
15:10:54.475 [restartedMain] INFO  o.q.i.StdSchedulerFactory - [instantiate,1220] - Using default implementation for ThreadExecutor
15:10:54.484 [restartedMain] INFO  o.q.c.SchedulerSignalerImpl - [<init>,61] - Initialized Scheduler Signaller of type: class org.quartz.core.SchedulerSignalerImpl
15:10:54.485 [restartedMain] INFO  o.q.c.QuartzScheduler - [<init>,229] - Quartz Scheduler v.2.3.2 created.
15:10:54.485 [restartedMain] INFO  o.q.s.RAMJobStore - [initialize,155] - RAMJobStore initialized.
15:10:54.486 [restartedMain] INFO  o.q.c.QuartzScheduler - [initialize,294] - Scheduler meta-data: Quartz Scheduler (v2.3.2) 'quartzScheduler' with instanceId 'NON_CLUSTERED'
  Scheduler class: 'org.quartz.core.QuartzScheduler' - running locally.
  NOT STARTED.
  Currently in standby mode.
  Number of jobs executed: 0
  Using thread pool 'org.quartz.simpl.SimpleThreadPool' - with 10 threads.
  Using job-store 'org.quartz.simpl.RAMJobStore' - which does not support persistence. and is not clustered.

15:10:54.486 [restartedMain] INFO  o.q.i.StdSchedulerFactory - [instantiate,1374] - Quartz scheduler 'quartzScheduler' initialized from an externally provided properties instance.
15:10:54.486 [restartedMain] INFO  o.q.i.StdSchedulerFactory - [instantiate,1378] - Quartz scheduler version: 2.3.2
15:10:54.486 [restartedMain] INFO  o.q.c.QuartzScheduler - [setJobFactory,2293] - JobFactory set to: org.springframework.scheduling.quartz.SpringBeanJobFactory@d10ae50
15:10:56.272 [restartedMain] INFO  o.a.c.h.Http11NioProtocol - [log,173] - Starting ProtocolHandler ["http-nio-8080"]
15:10:56.529 [restartedMain] INFO  o.q.c.QuartzScheduler - [start,547] - Scheduler quartzScheduler_$_NON_CLUSTERED started.
15:10:56.537 [restartedMain] INFO  c.r.RuoYiApplication - [logStarted,61] - Started RuoYiApplication in 9.631 seconds (JVM running for 10.574)
15:12:48.264 [http-nio-8080-exec-1] INFO  o.a.c.c.C.[.[.[/] - [log,173] - Initializing Spring DispatcherServlet 'dispatcherServlet'
15:14:55.077 [SpringApplicationShutdownHook] INFO  o.q.c.QuartzScheduler - [standby,585] - Scheduler quartzScheduler_$_NON_CLUSTERED paused.
15:14:55.276 [SpringApplicationShutdownHook] INFO  o.q.c.QuartzScheduler - [shutdown,666] - Scheduler quartzScheduler_$_NON_CLUSTERED shutting down.
15:14:55.277 [SpringApplicationShutdownHook] INFO  o.q.c.QuartzScheduler - [standby,585] - Scheduler quartzScheduler_$_NON_CLUSTERED paused.
15:14:55.277 [SpringApplicationShutdownHook] INFO  o.q.c.QuartzScheduler - [shutdown,740] - Scheduler quartzScheduler_$_NON_CLUSTERED shutdown complete.
15:14:55.277 [SpringApplicationShutdownHook] INFO  sys-user - [shutdownAsyncManager,31] - ====关闭后台任务任务线程池====
15:14:55.279 [SpringApplicationShutdownHook] INFO  c.a.d.p.DruidDataSource - [close,2204] - {dataSource-1} closing ...
15:14:55.283 [SpringApplicationShutdownHook] INFO  c.a.d.p.DruidDataSource - [close,2277] - {dataSource-1} closed
15:15:00.964 [restartedMain] INFO  c.r.RuoYiApplication - [logStarting,55] - Starting RuoYiApplication using Java 1.8.0_251 on 6101-20963 with PID 14632 (E:\Java\ruoyi-admin\target\classes started by admin-7 in E:\Java)
15:15:00.967 [restartedMain] INFO  c.r.RuoYiApplication - [logStartupProfileInfo,686] - The following 1 profile is active: "dev"
15:15:00.969 [background-preinit] INFO  o.h.v.i.util.Version - [<clinit>,21] - HV000001: Hibernate Validator 6.2.5.Final
15:15:03.284 [restartedMain] INFO  o.a.c.h.Http11NioProtocol - [log,173] - Initializing ProtocolHandler ["http-nio-8080"]
15:15:03.285 [restartedMain] INFO  o.a.c.c.StandardService - [log,173] - Starting service [Tomcat]
15:15:03.285 [restartedMain] INFO  o.a.c.c.StandardEngine - [log,173] - Starting Servlet engine: [Apache Tomcat/9.0.75]
15:15:03.389 [restartedMain] INFO  o.a.c.c.C.[.[.[/] - [log,173] - Initializing Spring embedded WebApplicationContext
15:15:06.290 [restartedMain] INFO  c.a.d.p.DruidDataSource - [init,1002] - {dataSource-1} inited
15:15:08.223 [restartedMain] INFO  o.q.i.StdSchedulerFactory - [instantiate,1220] - Using default implementation for ThreadExecutor
15:15:08.231 [restartedMain] INFO  o.q.c.SchedulerSignalerImpl - [<init>,61] - Initialized Scheduler Signaller of type: class org.quartz.core.SchedulerSignalerImpl
15:15:08.231 [restartedMain] INFO  o.q.c.QuartzScheduler - [<init>,229] - Quartz Scheduler v.2.3.2 created.
15:15:08.232 [restartedMain] INFO  o.q.s.RAMJobStore - [initialize,155] - RAMJobStore initialized.
15:15:08.232 [restartedMain] INFO  o.q.c.QuartzScheduler - [initialize,294] - Scheduler meta-data: Quartz Scheduler (v2.3.2) 'quartzScheduler' with instanceId 'NON_CLUSTERED'
  Scheduler class: 'org.quartz.core.QuartzScheduler' - running locally.
  NOT STARTED.
  Currently in standby mode.
  Number of jobs executed: 0
  Using thread pool 'org.quartz.simpl.SimpleThreadPool' - with 10 threads.
  Using job-store 'org.quartz.simpl.RAMJobStore' - which does not support persistence. and is not clustered.

15:15:08.232 [restartedMain] INFO  o.q.i.StdSchedulerFactory - [instantiate,1374] - Quartz scheduler 'quartzScheduler' initialized from an externally provided properties instance.
15:15:08.233 [restartedMain] INFO  o.q.i.StdSchedulerFactory - [instantiate,1378] - Quartz scheduler version: 2.3.2
15:15:08.233 [restartedMain] INFO  o.q.c.QuartzScheduler - [setJobFactory,2293] - JobFactory set to: org.springframework.scheduling.quartz.SpringBeanJobFactory@29d447e3
15:15:09.993 [restartedMain] INFO  o.a.c.h.Http11NioProtocol - [log,173] - Starting ProtocolHandler ["http-nio-8080"]
15:15:10.235 [restartedMain] INFO  o.q.c.QuartzScheduler - [start,547] - Scheduler quartzScheduler_$_NON_CLUSTERED started.
15:15:10.243 [restartedMain] INFO  c.r.RuoYiApplication - [logStarted,61] - Started RuoYiApplication in 9.658 seconds (JVM running for 10.573)
15:15:14.213 [http-nio-8080-exec-1] INFO  o.a.c.c.C.[.[.[/] - [log,173] - Initializing Spring DispatcherServlet 'dispatcherServlet'
15:26:28.998 [SpringApplicationShutdownHook] INFO  o.q.c.QuartzScheduler - [standby,585] - Scheduler quartzScheduler_$_NON_CLUSTERED paused.
15:26:29.175 [SpringApplicationShutdownHook] INFO  o.q.c.QuartzScheduler - [shutdown,666] - Scheduler quartzScheduler_$_NON_CLUSTERED shutting down.
15:26:29.175 [SpringApplicationShutdownHook] INFO  o.q.c.QuartzScheduler - [standby,585] - Scheduler quartzScheduler_$_NON_CLUSTERED paused.
15:26:29.176 [SpringApplicationShutdownHook] INFO  o.q.c.QuartzScheduler - [shutdown,740] - Scheduler quartzScheduler_$_NON_CLUSTERED shutdown complete.
15:26:29.176 [SpringApplicationShutdownHook] INFO  sys-user - [shutdownAsyncManager,31] - ====关闭后台任务任务线程池====
15:26:29.178 [SpringApplicationShutdownHook] INFO  c.a.d.p.DruidDataSource - [close,2204] - {dataSource-1} closing ...
15:26:29.181 [SpringApplicationShutdownHook] INFO  c.a.d.p.DruidDataSource - [close,2277] - {dataSource-1} closed
15:26:35.777 [restartedMain] INFO  c.r.RuoYiApplication - [logStarting,55] - Starting RuoYiApplication using Java 1.8.0_251 on 6101-20963 with PID 19332 (E:\Java\ruoyi-admin\target\classes started by admin-7 in E:\Java)
15:26:35.780 [restartedMain] INFO  c.r.RuoYiApplication - [logStartupProfileInfo,686] - The following 1 profile is active: "dev"
15:26:35.781 [background-preinit] INFO  o.h.v.i.util.Version - [<clinit>,21] - HV000001: Hibernate Validator 6.2.5.Final
15:26:38.419 [restartedMain] INFO  o.a.c.h.Http11NioProtocol - [log,173] - Initializing ProtocolHandler ["http-nio-8080"]
15:26:38.420 [restartedMain] INFO  o.a.c.c.StandardService - [log,173] - Starting service [Tomcat]
15:26:38.420 [restartedMain] INFO  o.a.c.c.StandardEngine - [log,173] - Starting Servlet engine: [Apache Tomcat/9.0.75]
15:26:38.533 [restartedMain] INFO  o.a.c.c.C.[.[.[/] - [log,173] - Initializing Spring embedded WebApplicationContext
15:26:41.465 [restartedMain] INFO  c.a.d.p.DruidDataSource - [init,1002] - {dataSource-1} inited
15:26:43.514 [restartedMain] INFO  o.q.i.StdSchedulerFactory - [instantiate,1220] - Using default implementation for ThreadExecutor
15:26:43.524 [restartedMain] INFO  o.q.c.SchedulerSignalerImpl - [<init>,61] - Initialized Scheduler Signaller of type: class org.quartz.core.SchedulerSignalerImpl
15:26:43.525 [restartedMain] INFO  o.q.c.QuartzScheduler - [<init>,229] - Quartz Scheduler v.2.3.2 created.
15:26:43.525 [restartedMain] INFO  o.q.s.RAMJobStore - [initialize,155] - RAMJobStore initialized.
15:26:43.526 [restartedMain] INFO  o.q.c.QuartzScheduler - [initialize,294] - Scheduler meta-data: Quartz Scheduler (v2.3.2) 'quartzScheduler' with instanceId 'NON_CLUSTERED'
  Scheduler class: 'org.quartz.core.QuartzScheduler' - running locally.
  NOT STARTED.
  Currently in standby mode.
  Number of jobs executed: 0
  Using thread pool 'org.quartz.simpl.SimpleThreadPool' - with 10 threads.
  Using job-store 'org.quartz.simpl.RAMJobStore' - which does not support persistence. and is not clustered.

15:26:43.526 [restartedMain] INFO  o.q.i.StdSchedulerFactory - [instantiate,1374] - Quartz scheduler 'quartzScheduler' initialized from an externally provided properties instance.
15:26:43.526 [restartedMain] INFO  o.q.i.StdSchedulerFactory - [instantiate,1378] - Quartz scheduler version: 2.3.2
15:26:43.526 [restartedMain] INFO  o.q.c.QuartzScheduler - [setJobFactory,2293] - JobFactory set to: org.springframework.scheduling.quartz.SpringBeanJobFactory@18ec0e33
15:26:45.421 [restartedMain] INFO  o.a.c.h.Http11NioProtocol - [log,173] - Starting ProtocolHandler ["http-nio-8080"]
15:26:45.677 [restartedMain] INFO  o.q.c.QuartzScheduler - [start,547] - Scheduler quartzScheduler_$_NON_CLUSTERED started.
15:26:45.685 [restartedMain] INFO  c.r.RuoYiApplication - [logStarted,61] - Started RuoYiApplication in 10.294 seconds (JVM running for 11.632)
15:27:09.107 [http-nio-8080-exec-1] INFO  o.a.c.c.C.[.[.[/] - [log,173] - Initializing Spring DispatcherServlet 'dispatcherServlet'
15:37:45.220 [schedule-pool-1] INFO  sys-user - [run,55] - [127.0.0.1]内网IP[admin][Logout][退出成功]
15:37:53.938 [schedule-pool-1] INFO  sys-user - [run,55] - [127.0.0.1]内网IP[admin][Success][登录成功]
16:58:30.365 [SpringApplicationShutdownHook] INFO  o.q.c.QuartzScheduler - [standby,585] - Scheduler quartzScheduler_$_NON_CLUSTERED paused.
16:58:30.722 [SpringApplicationShutdownHook] INFO  o.q.c.QuartzScheduler - [shutdown,666] - Scheduler quartzScheduler_$_NON_CLUSTERED shutting down.
16:58:30.723 [SpringApplicationShutdownHook] INFO  o.q.c.QuartzScheduler - [standby,585] - Scheduler quartzScheduler_$_NON_CLUSTERED paused.
16:58:30.723 [SpringApplicationShutdownHook] INFO  o.q.c.QuartzScheduler - [shutdown,740] - Scheduler quartzScheduler_$_NON_CLUSTERED shutdown complete.
16:58:30.724 [SpringApplicationShutdownHook] INFO  sys-user - [shutdownAsyncManager,31] - ====关闭后台任务任务线程池====
16:58:30.727 [SpringApplicationShutdownHook] INFO  c.a.d.p.DruidDataSource - [close,2204] - {dataSource-1} closing ...
16:58:30.729 [SpringApplicationShutdownHook] INFO  c.a.d.p.DruidDataSource - [close,2277] - {dataSource-1} closed
17:39:40.133 [restartedMain] INFO  c.r.RuoYiApplication - [logStarting,55] - Starting RuoYiApplication using Java 1.8.0_251 on 6101-20963 with PID 1736 (E:\Java\ruoyi-admin\target\classes started by admin-7 in E:\Java)
17:39:40.135 [restartedMain] INFO  c.r.RuoYiApplication - [logStartupProfileInfo,686] - The following 1 profile is active: "dev"
17:39:40.139 [background-preinit] INFO  o.h.v.i.util.Version - [<clinit>,21] - HV000001: Hibernate Validator 6.2.5.Final
17:39:42.376 [restartedMain] INFO  o.a.c.h.Http11NioProtocol - [log,173] - Initializing ProtocolHandler ["http-nio-8080"]
17:39:42.376 [restartedMain] INFO  o.a.c.c.StandardService - [log,173] - Starting service [Tomcat]
17:39:42.377 [restartedMain] INFO  o.a.c.c.StandardEngine - [log,173] - Starting Servlet engine: [Apache Tomcat/9.0.75]
17:39:42.486 [restartedMain] INFO  o.a.c.c.C.[.[.[/] - [log,173] - Initializing Spring embedded WebApplicationContext
17:39:45.192 [restartedMain] INFO  c.a.d.p.DruidDataSource - [init,1002] - {dataSource-1} inited
17:39:47.141 [restartedMain] INFO  o.q.i.StdSchedulerFactory - [instantiate,1220] - Using default implementation for ThreadExecutor
17:39:47.150 [restartedMain] INFO  o.q.c.SchedulerSignalerImpl - [<init>,61] - Initialized Scheduler Signaller of type: class org.quartz.core.SchedulerSignalerImpl
17:39:47.150 [restartedMain] INFO  o.q.c.QuartzScheduler - [<init>,229] - Quartz Scheduler v.2.3.2 created.
17:39:47.151 [restartedMain] INFO  o.q.s.RAMJobStore - [initialize,155] - RAMJobStore initialized.
17:39:47.152 [restartedMain] INFO  o.q.c.QuartzScheduler - [initialize,294] - Scheduler meta-data: Quartz Scheduler (v2.3.2) 'quartzScheduler' with instanceId 'NON_CLUSTERED'
  Scheduler class: 'org.quartz.core.QuartzScheduler' - running locally.
  NOT STARTED.
  Currently in standby mode.
  Number of jobs executed: 0
  Using thread pool 'org.quartz.simpl.SimpleThreadPool' - with 10 threads.
  Using job-store 'org.quartz.simpl.RAMJobStore' - which does not support persistence. and is not clustered.

17:39:47.152 [restartedMain] INFO  o.q.i.StdSchedulerFactory - [instantiate,1374] - Quartz scheduler 'quartzScheduler' initialized from an externally provided properties instance.
17:39:47.152 [restartedMain] INFO  o.q.i.StdSchedulerFactory - [instantiate,1378] - Quartz scheduler version: 2.3.2
17:39:47.152 [restartedMain] INFO  o.q.c.QuartzScheduler - [setJobFactory,2293] - JobFactory set to: org.springframework.scheduling.quartz.SpringBeanJobFactory@74134d65
17:39:48.917 [restartedMain] INFO  o.a.c.h.Http11NioProtocol - [log,173] - Starting ProtocolHandler ["http-nio-8080"]
17:39:49.145 [restartedMain] INFO  o.q.c.QuartzScheduler - [start,547] - Scheduler quartzScheduler_$_NON_CLUSTERED started.
17:39:49.152 [restartedMain] INFO  c.r.RuoYiApplication - [logStarted,61] - Started RuoYiApplication in 9.355 seconds (JVM running for 10.396)
17:40:45.854 [http-nio-8080-exec-1] INFO  o.a.c.c.C.[.[.[/] - [log,173] - Initializing Spring DispatcherServlet 'dispatcherServlet'
17:40:51.305 [schedule-pool-1] INFO  sys-user - [run,55] - [127.0.0.1]内网IP[admin][Success][登录成功]
17:42:55.963 [SpringApplicationShutdownHook] INFO  o.q.c.QuartzScheduler - [standby,585] - Scheduler quartzScheduler_$_NON_CLUSTERED paused.
17:42:56.136 [SpringApplicationShutdownHook] INFO  o.q.c.QuartzScheduler - [shutdown,666] - Scheduler quartzScheduler_$_NON_CLUSTERED shutting down.
17:42:56.136 [SpringApplicationShutdownHook] INFO  o.q.c.QuartzScheduler - [standby,585] - Scheduler quartzScheduler_$_NON_CLUSTERED paused.
17:42:56.137 [SpringApplicationShutdownHook] INFO  o.q.c.QuartzScheduler - [shutdown,740] - Scheduler quartzScheduler_$_NON_CLUSTERED shutdown complete.
17:42:56.137 [SpringApplicationShutdownHook] INFO  sys-user - [shutdownAsyncManager,31] - ====关闭后台任务任务线程池====
17:42:56.139 [SpringApplicationShutdownHook] INFO  c.a.d.p.DruidDataSource - [close,2204] - {dataSource-1} closing ...
17:42:56.142 [SpringApplicationShutdownHook] INFO  c.a.d.p.DruidDataSource - [close,2277] - {dataSource-1} closed
17:43:02.024 [restartedMain] INFO  c.r.RuoYiApplication - [logStarting,55] - Starting RuoYiApplication using Java 1.8.0_251 on 6101-20963 with PID 16596 (E:\Java\ruoyi-admin\target\classes started by admin-7 in E:\Java)
17:43:02.026 [restartedMain] INFO  c.r.RuoYiApplication - [logStartupProfileInfo,686] - The following 1 profile is active: "dev"
17:43:02.031 [background-preinit] INFO  o.h.v.i.util.Version - [<clinit>,21] - HV000001: Hibernate Validator 6.2.5.Final
17:43:04.302 [restartedMain] INFO  o.a.c.h.Http11NioProtocol - [log,173] - Initializing ProtocolHandler ["http-nio-8080"]
17:43:04.303 [restartedMain] INFO  o.a.c.c.StandardService - [log,173] - Starting service [Tomcat]
17:43:04.303 [restartedMain] INFO  o.a.c.c.StandardEngine - [log,173] - Starting Servlet engine: [Apache Tomcat/9.0.75]
17:43:04.412 [restartedMain] INFO  o.a.c.c.C.[.[.[/] - [log,173] - Initializing Spring embedded WebApplicationContext
17:43:07.191 [restartedMain] INFO  c.a.d.p.DruidDataSource - [init,1002] - {dataSource-1} inited
17:43:09.077 [restartedMain] INFO  o.q.i.StdSchedulerFactory - [instantiate,1220] - Using default implementation for ThreadExecutor
17:43:09.085 [restartedMain] INFO  o.q.c.SchedulerSignalerImpl - [<init>,61] - Initialized Scheduler Signaller of type: class org.quartz.core.SchedulerSignalerImpl
17:43:09.086 [restartedMain] INFO  o.q.c.QuartzScheduler - [<init>,229] - Quartz Scheduler v.2.3.2 created.
17:43:09.086 [restartedMain] INFO  o.q.s.RAMJobStore - [initialize,155] - RAMJobStore initialized.
17:43:09.087 [restartedMain] INFO  o.q.c.QuartzScheduler - [initialize,294] - Scheduler meta-data: Quartz Scheduler (v2.3.2) 'quartzScheduler' with instanceId 'NON_CLUSTERED'
  Scheduler class: 'org.quartz.core.QuartzScheduler' - running locally.
  NOT STARTED.
  Currently in standby mode.
  Number of jobs executed: 0
  Using thread pool 'org.quartz.simpl.SimpleThreadPool' - with 10 threads.
  Using job-store 'org.quartz.simpl.RAMJobStore' - which does not support persistence. and is not clustered.

17:43:09.087 [restartedMain] INFO  o.q.i.StdSchedulerFactory - [instantiate,1374] - Quartz scheduler 'quartzScheduler' initialized from an externally provided properties instance.
17:43:09.087 [restartedMain] INFO  o.q.i.StdSchedulerFactory - [instantiate,1378] - Quartz scheduler version: 2.3.2
17:43:09.087 [restartedMain] INFO  o.q.c.QuartzScheduler - [setJobFactory,2293] - JobFactory set to: org.springframework.scheduling.quartz.SpringBeanJobFactory@19940ba4
17:43:10.840 [restartedMain] INFO  o.a.c.h.Http11NioProtocol - [log,173] - Starting ProtocolHandler ["http-nio-8080"]
17:43:11.083 [restartedMain] INFO  o.q.c.QuartzScheduler - [start,547] - Scheduler quartzScheduler_$_NON_CLUSTERED started.
17:43:11.091 [restartedMain] INFO  c.r.RuoYiApplication - [logStarted,61] - Started RuoYiApplication in 9.444 seconds (JVM running for 10.371)
17:43:18.599 [http-nio-8080-exec-1] INFO  o.a.c.c.C.[.[.[/] - [log,173] - Initializing Spring DispatcherServlet 'dispatcherServlet'
17:43:31.708 [SpringApplicationShutdownHook] INFO  o.q.c.QuartzScheduler - [standby,585] - Scheduler quartzScheduler_$_NON_CLUSTERED paused.
17:43:31.862 [SpringApplicationShutdownHook] INFO  o.q.c.QuartzScheduler - [shutdown,666] - Scheduler quartzScheduler_$_NON_CLUSTERED shutting down.
17:43:31.863 [SpringApplicationShutdownHook] INFO  o.q.c.QuartzScheduler - [standby,585] - Scheduler quartzScheduler_$_NON_CLUSTERED paused.
17:43:31.863 [SpringApplicationShutdownHook] INFO  o.q.c.QuartzScheduler - [shutdown,740] - Scheduler quartzScheduler_$_NON_CLUSTERED shutdown complete.
17:43:31.863 [SpringApplicationShutdownHook] INFO  sys-user - [shutdownAsyncManager,31] - ====关闭后台任务任务线程池====
17:43:31.865 [SpringApplicationShutdownHook] INFO  c.a.d.p.DruidDataSource - [close,2204] - {dataSource-1} closing ...
17:43:31.869 [SpringApplicationShutdownHook] INFO  c.a.d.p.DruidDataSource - [close,2277] - {dataSource-1} closed
17:43:37.408 [restartedMain] INFO  c.r.RuoYiApplication - [logStarting,55] - Starting RuoYiApplication using Java 1.8.0_251 on 6101-20963 with PID 5752 (E:\Java\ruoyi-admin\target\classes started by admin-7 in E:\Java)
17:43:37.410 [restartedMain] INFO  c.r.RuoYiApplication - [logStartupProfileInfo,686] - The following 1 profile is active: "dev"
17:43:37.414 [background-preinit] INFO  o.h.v.i.util.Version - [<clinit>,21] - HV000001: Hibernate Validator 6.2.5.Final
17:43:39.668 [restartedMain] INFO  o.a.c.h.Http11NioProtocol - [log,173] - Initializing ProtocolHandler ["http-nio-8080"]
17:43:39.668 [restartedMain] INFO  o.a.c.c.StandardService - [log,173] - Starting service [Tomcat]
17:43:39.669 [restartedMain] INFO  o.a.c.c.StandardEngine - [log,173] - Starting Servlet engine: [Apache Tomcat/9.0.75]
17:43:39.777 [restartedMain] INFO  o.a.c.c.C.[.[.[/] - [log,173] - Initializing Spring embedded WebApplicationContext
17:43:42.596 [restartedMain] INFO  c.a.d.p.DruidDataSource - [init,1002] - {dataSource-1} inited
17:43:44.488 [restartedMain] INFO  o.q.i.StdSchedulerFactory - [instantiate,1220] - Using default implementation for ThreadExecutor
17:43:44.497 [restartedMain] INFO  o.q.c.SchedulerSignalerImpl - [<init>,61] - Initialized Scheduler Signaller of type: class org.quartz.core.SchedulerSignalerImpl
17:43:44.497 [restartedMain] INFO  o.q.c.QuartzScheduler - [<init>,229] - Quartz Scheduler v.2.3.2 created.
17:43:44.497 [restartedMain] INFO  o.q.s.RAMJobStore - [initialize,155] - RAMJobStore initialized.
17:43:44.498 [restartedMain] INFO  o.q.c.QuartzScheduler - [initialize,294] - Scheduler meta-data: Quartz Scheduler (v2.3.2) 'quartzScheduler' with instanceId 'NON_CLUSTERED'
  Scheduler class: 'org.quartz.core.QuartzScheduler' - running locally.
  NOT STARTED.
  Currently in standby mode.
  Number of jobs executed: 0
  Using thread pool 'org.quartz.simpl.SimpleThreadPool' - with 10 threads.
  Using job-store 'org.quartz.simpl.RAMJobStore' - which does not support persistence. and is not clustered.

17:43:44.498 [restartedMain] INFO  o.q.i.StdSchedulerFactory - [instantiate,1374] - Quartz scheduler 'quartzScheduler' initialized from an externally provided properties instance.
17:43:44.498 [restartedMain] INFO  o.q.i.StdSchedulerFactory - [instantiate,1378] - Quartz scheduler version: 2.3.2
17:43:44.498 [restartedMain] INFO  o.q.c.QuartzScheduler - [setJobFactory,2293] - JobFactory set to: org.springframework.scheduling.quartz.SpringBeanJobFactory@ad04594
17:43:46.266 [restartedMain] INFO  o.a.c.h.Http11NioProtocol - [log,173] - Starting ProtocolHandler ["http-nio-8080"]
17:43:46.492 [restartedMain] INFO  o.q.c.QuartzScheduler - [start,547] - Scheduler quartzScheduler_$_NON_CLUSTERED started.
17:43:46.499 [restartedMain] INFO  c.r.RuoYiApplication - [logStarted,61] - Started RuoYiApplication in 9.433 seconds (JVM running for 10.449)
17:43:56.390 [http-nio-8080-exec-1] INFO  o.a.c.c.C.[.[.[/] - [log,173] - Initializing Spring DispatcherServlet 'dispatcherServlet'
17:51:53.923 [SpringApplicationShutdownHook] INFO  o.q.c.QuartzScheduler - [standby,585] - Scheduler quartzScheduler_$_NON_CLUSTERED paused.
17:51:54.121 [SpringApplicationShutdownHook] INFO  o.q.c.QuartzScheduler - [shutdown,666] - Scheduler quartzScheduler_$_NON_CLUSTERED shutting down.
17:51:54.121 [SpringApplicationShutdownHook] INFO  o.q.c.QuartzScheduler - [standby,585] - Scheduler quartzScheduler_$_NON_CLUSTERED paused.
17:51:54.122 [SpringApplicationShutdownHook] INFO  o.q.c.QuartzScheduler - [shutdown,740] - Scheduler quartzScheduler_$_NON_CLUSTERED shutdown complete.
17:51:54.122 [SpringApplicationShutdownHook] INFO  sys-user - [shutdownAsyncManager,31] - ====关闭后台任务任务线程池====
17:51:54.124 [SpringApplicationShutdownHook] INFO  c.a.d.p.DruidDataSource - [close,2204] - {dataSource-1} closing ...
17:51:54.139 [SpringApplicationShutdownHook] INFO  c.a.d.p.DruidDataSource - [close,2277] - {dataSource-1} closed
17:52:02.153 [background-preinit] INFO  o.h.v.i.util.Version - [<clinit>,21] - HV000001: Hibernate Validator 6.2.5.Final
17:52:02.151 [restartedMain] INFO  c.r.RuoYiApplication - [logStarting,55] - Starting RuoYiApplication using Java 1.8.0_251 on 6101-20963 with PID 3428 (E:\Java\ruoyi-admin\target\classes started by admin-7 in E:\Java)
17:52:02.154 [restartedMain] INFO  c.r.RuoYiApplication - [logStartupProfileInfo,686] - The following 1 profile is active: "dev"
17:52:05.233 [background-preinit] INFO  o.h.v.i.util.Version - [<clinit>,21] - HV000001: Hibernate Validator 6.2.5.Final
17:52:05.232 [restartedMain] INFO  c.r.RuoYiApplication - [logStarting,55] - Starting RuoYiApplication using Java 1.8.0_251 on 6101-20963 with PID 15680 (E:\Java\ruoyi-admin\target\classes started by admin-7 in E:\Java)
17:52:05.235 [restartedMain] INFO  c.r.RuoYiApplication - [logStartupProfileInfo,686] - The following 1 profile is active: "dev"
17:52:05.981 [restartedMain] INFO  o.a.c.h.Http11NioProtocol - [log,173] - Initializing ProtocolHandler ["http-nio-8080"]
17:52:05.981 [restartedMain] INFO  o.a.c.c.StandardService - [log,173] - Starting service [Tomcat]
17:52:05.982 [restartedMain] INFO  o.a.c.c.StandardEngine - [log,173] - Starting Servlet engine: [Apache Tomcat/9.0.75]
17:52:06.118 [restartedMain] INFO  o.a.c.c.C.[.[.[/] - [log,173] - Initializing Spring embedded WebApplicationContext
17:52:08.125 [restartedMain] INFO  o.a.c.h.Http11NioProtocol - [log,173] - Initializing ProtocolHandler ["http-nio-8080"]
17:52:08.126 [restartedMain] INFO  o.a.c.c.StandardService - [log,173] - Starting service [Tomcat]
17:52:08.126 [restartedMain] INFO  o.a.c.c.StandardEngine - [log,173] - Starting Servlet engine: [Apache Tomcat/9.0.75]
17:52:08.251 [restartedMain] INFO  o.a.c.c.C.[.[.[/] - [log,173] - Initializing Spring embedded WebApplicationContext
17:52:09.173 [restartedMain] INFO  c.a.d.p.DruidDataSource - [init,1002] - {dataSource-1} inited
17:52:11.503 [restartedMain] INFO  c.a.d.p.DruidDataSource - [init,1002] - {dataSource-1} inited
17:52:11.508 [restartedMain] INFO  o.q.i.StdSchedulerFactory - [instantiate,1220] - Using default implementation for ThreadExecutor
17:52:11.519 [restartedMain] INFO  o.q.c.SchedulerSignalerImpl - [<init>,61] - Initialized Scheduler Signaller of type: class org.quartz.core.SchedulerSignalerImpl
17:52:11.520 [restartedMain] INFO  o.q.c.QuartzScheduler - [<init>,229] - Quartz Scheduler v.2.3.2 created.
17:52:11.521 [restartedMain] INFO  o.q.s.RAMJobStore - [initialize,155] - RAMJobStore initialized.
17:52:11.521 [restartedMain] INFO  o.q.c.QuartzScheduler - [initialize,294] - Scheduler meta-data: Quartz Scheduler (v2.3.2) 'quartzScheduler' with instanceId 'NON_CLUSTERED'
  Scheduler class: 'org.quartz.core.QuartzScheduler' - running locally.
  NOT STARTED.
  Currently in standby mode.
  Number of jobs executed: 0
  Using thread pool 'org.quartz.simpl.SimpleThreadPool' - with 10 threads.
  Using job-store 'org.quartz.simpl.RAMJobStore' - which does not support persistence. and is not clustered.

17:52:11.521 [restartedMain] INFO  o.q.i.StdSchedulerFactory - [instantiate,1374] - Quartz scheduler 'quartzScheduler' initialized from an externally provided properties instance.
17:52:11.522 [restartedMain] INFO  o.q.i.StdSchedulerFactory - [instantiate,1378] - Quartz scheduler version: 2.3.2
17:52:11.522 [restartedMain] INFO  o.q.c.QuartzScheduler - [setJobFactory,2293] - JobFactory set to: org.springframework.scheduling.quartz.SpringBeanJobFactory@106cdd49
17:52:13.880 [restartedMain] INFO  o.a.c.h.Http11NioProtocol - [log,173] - Starting ProtocolHandler ["http-nio-8080"]
17:52:14.071 [restartedMain] INFO  o.q.i.StdSchedulerFactory - [instantiate,1220] - Using default implementation for ThreadExecutor
17:52:14.087 [restartedMain] INFO  o.q.c.SchedulerSignalerImpl - [<init>,61] - Initialized Scheduler Signaller of type: class org.quartz.core.SchedulerSignalerImpl
17:52:14.088 [restartedMain] INFO  o.q.c.QuartzScheduler - [<init>,229] - Quartz Scheduler v.2.3.2 created.
17:52:14.089 [restartedMain] INFO  o.q.s.RAMJobStore - [initialize,155] - RAMJobStore initialized.
17:52:14.090 [restartedMain] INFO  o.q.c.QuartzScheduler - [initialize,294] - Scheduler meta-data: Quartz Scheduler (v2.3.2) 'quartzScheduler' with instanceId 'NON_CLUSTERED'
  Scheduler class: 'org.quartz.core.QuartzScheduler' - running locally.
  NOT STARTED.
  Currently in standby mode.
  Number of jobs executed: 0
  Using thread pool 'org.quartz.simpl.SimpleThreadPool' - with 10 threads.
  Using job-store 'org.quartz.simpl.RAMJobStore' - which does not support persistence. and is not clustered.

17:52:14.091 [restartedMain] INFO  o.q.i.StdSchedulerFactory - [instantiate,1374] - Quartz scheduler 'quartzScheduler' initialized from an externally provided properties instance.
17:52:14.091 [restartedMain] INFO  o.q.i.StdSchedulerFactory - [instantiate,1378] - Quartz scheduler version: 2.3.2
17:52:14.091 [restartedMain] INFO  o.q.c.QuartzScheduler - [setJobFactory,2293] - JobFactory set to: org.springframework.scheduling.quartz.SpringBeanJobFactory@7ba2f32c
17:52:14.212 [restartedMain] INFO  o.q.c.QuartzScheduler - [start,547] - Scheduler quartzScheduler_$_NON_CLUSTERED started.
17:52:14.223 [restartedMain] INFO  c.r.RuoYiApplication - [logStarted,61] - Started RuoYiApplication in 12.524 seconds (JVM running for 13.861)
17:52:16.460 [restartedMain] INFO  o.a.c.h.Http11NioProtocol - [log,173] - Starting ProtocolHandler ["http-nio-8080"]
17:52:16.467 [restartedMain] INFO  o.q.c.QuartzScheduler - [shutdown,666] - Scheduler quartzScheduler_$_NON_CLUSTERED shutting down.
17:52:16.467 [restartedMain] INFO  o.q.c.QuartzScheduler - [standby,585] - Scheduler quartzScheduler_$_NON_CLUSTERED paused.
17:52:16.467 [restartedMain] INFO  o.q.c.QuartzScheduler - [shutdown,740] - Scheduler quartzScheduler_$_NON_CLUSTERED shutdown complete.
17:52:16.468 [restartedMain] INFO  sys-user - [shutdownAsyncManager,31] - ====关闭后台任务任务线程池====
17:52:16.472 [restartedMain] INFO  c.a.d.p.DruidDataSource - [close,2204] - {dataSource-1} closing ...
17:52:16.476 [restartedMain] INFO  c.a.d.p.DruidDataSource - [close,2277] - {dataSource-1} closed
17:52:16.610 [restartedMain] INFO  o.a.c.h.Http11NioProtocol - [log,173] - Pausing ProtocolHandler ["http-nio-8080"]
17:52:16.610 [restartedMain] INFO  o.a.c.c.StandardService - [log,173] - Stopping service [Tomcat]
17:52:16.615 [restartedMain] INFO  o.a.c.h.Http11NioProtocol - [log,173] - Stopping ProtocolHandler ["http-nio-8080"]
17:52:16.617 [restartedMain] INFO  o.a.c.h.Http11NioProtocol - [log,173] - Destroying ProtocolHandler ["http-nio-8080"]
17:52:31.897 [http-nio-8080-exec-1] INFO  o.a.c.c.C.[.[.[/] - [log,173] - Initializing Spring DispatcherServlet 'dispatcherServlet'
17:54:17.996 [SpringApplicationShutdownHook] INFO  o.q.c.QuartzScheduler - [standby,585] - Scheduler quartzScheduler_$_NON_CLUSTERED paused.
17:54:18.256 [SpringApplicationShutdownHook] INFO  o.q.c.QuartzScheduler - [shutdown,666] - Scheduler quartzScheduler_$_NON_CLUSTERED shutting down.
17:54:18.256 [SpringApplicationShutdownHook] INFO  o.q.c.QuartzScheduler - [standby,585] - Scheduler quartzScheduler_$_NON_CLUSTERED paused.
17:54:18.257 [SpringApplicationShutdownHook] INFO  o.q.c.QuartzScheduler - [shutdown,740] - Scheduler quartzScheduler_$_NON_CLUSTERED shutdown complete.
17:54:18.257 [SpringApplicationShutdownHook] INFO  sys-user - [shutdownAsyncManager,31] - ====关闭后台任务任务线程池====
17:54:18.277 [SpringApplicationShutdownHook] INFO  c.a.d.p.DruidDataSource - [close,2204] - {dataSource-1} closing ...
17:54:18.281 [SpringApplicationShutdownHook] INFO  c.a.d.p.DruidDataSource - [close,2277] - {dataSource-1} closed
17:54:23.392 [restartedMain] INFO  c.r.RuoYiApplication - [logStarting,55] - Starting RuoYiApplication using Java 1.8.0_251 on 6101-20963 with PID 15096 (E:\Java\ruoyi-admin\target\classes started by admin-7 in E:\Java)
17:54:23.394 [restartedMain] INFO  c.r.RuoYiApplication - [logStartupProfileInfo,686] - The following 1 profile is active: "dev"
17:54:23.396 [background-preinit] INFO  o.h.v.i.util.Version - [<clinit>,21] - HV000001: Hibernate Validator 6.2.5.Final
17:54:26.689 [restartedMain] INFO  o.a.c.h.Http11NioProtocol - [log,173] - Initializing ProtocolHandler ["http-nio-8080"]
17:54:26.689 [restartedMain] INFO  o.a.c.c.StandardService - [log,173] - Starting service [Tomcat]
17:54:26.689 [restartedMain] INFO  o.a.c.c.StandardEngine - [log,173] - Starting Servlet engine: [Apache Tomcat/9.0.75]
17:54:26.815 [restartedMain] INFO  o.a.c.c.C.[.[.[/] - [log,173] - Initializing Spring embedded WebApplicationContext
17:54:29.894 [restartedMain] INFO  c.a.d.p.DruidDataSource - [init,1002] - {dataSource-1} inited
17:54:32.472 [restartedMain] INFO  o.q.i.StdSchedulerFactory - [instantiate,1220] - Using default implementation for ThreadExecutor
17:54:32.484 [restartedMain] INFO  o.q.c.SchedulerSignalerImpl - [<init>,61] - Initialized Scheduler Signaller of type: class org.quartz.core.SchedulerSignalerImpl
17:54:32.485 [restartedMain] INFO  o.q.c.QuartzScheduler - [<init>,229] - Quartz Scheduler v.2.3.2 created.
17:54:32.485 [restartedMain] INFO  o.q.s.RAMJobStore - [initialize,155] - RAMJobStore initialized.
17:54:32.486 [restartedMain] INFO  o.q.c.QuartzScheduler - [initialize,294] - Scheduler meta-data: Quartz Scheduler (v2.3.2) 'quartzScheduler' with instanceId 'NON_CLUSTERED'
  Scheduler class: 'org.quartz.core.QuartzScheduler' - running locally.
  NOT STARTED.
  Currently in standby mode.
  Number of jobs executed: 0
  Using thread pool 'org.quartz.simpl.SimpleThreadPool' - with 10 threads.
  Using job-store 'org.quartz.simpl.RAMJobStore' - which does not support persistence. and is not clustered.

17:54:32.486 [restartedMain] INFO  o.q.i.StdSchedulerFactory - [instantiate,1374] - Quartz scheduler 'quartzScheduler' initialized from an externally provided properties instance.
17:54:32.487 [restartedMain] INFO  o.q.i.StdSchedulerFactory - [instantiate,1378] - Quartz scheduler version: 2.3.2
17:54:32.487 [restartedMain] INFO  o.q.c.QuartzScheduler - [setJobFactory,2293] - JobFactory set to: org.springframework.scheduling.quartz.SpringBeanJobFactory@c14ee07
17:54:34.537 [restartedMain] INFO  o.a.c.h.Http11NioProtocol - [log,173] - Starting ProtocolHandler ["http-nio-8080"]
17:54:34.842 [restartedMain] INFO  o.q.c.QuartzScheduler - [start,547] - Scheduler quartzScheduler_$_NON_CLUSTERED started.
17:54:34.849 [restartedMain] INFO  c.r.RuoYiApplication - [logStarted,61] - Started RuoYiApplication in 11.841 seconds (JVM running for 13.218)
17:54:39.897 [http-nio-8080-exec-1] INFO  o.a.c.c.C.[.[.[/] - [log,173] - Initializing Spring DispatcherServlet 'dispatcherServlet'
17:56:50.643 [SpringApplicationShutdownHook] INFO  o.q.c.QuartzScheduler - [standby,585] - Scheduler quartzScheduler_$_NON_CLUSTERED paused.
17:56:50.866 [SpringApplicationShutdownHook] INFO  o.q.c.QuartzScheduler - [shutdown,666] - Scheduler quartzScheduler_$_NON_CLUSTERED shutting down.
17:56:50.867 [SpringApplicationShutdownHook] INFO  o.q.c.QuartzScheduler - [standby,585] - Scheduler quartzScheduler_$_NON_CLUSTERED paused.
17:56:50.867 [SpringApplicationShutdownHook] INFO  o.q.c.QuartzScheduler - [shutdown,740] - Scheduler quartzScheduler_$_NON_CLUSTERED shutdown complete.
17:56:50.867 [SpringApplicationShutdownHook] INFO  sys-user - [shutdownAsyncManager,31] - ====关闭后台任务任务线程池====
17:56:50.888 [SpringApplicationShutdownHook] INFO  c.a.d.p.DruidDataSource - [close,2204] - {dataSource-1} closing ...
17:56:50.909 [SpringApplicationShutdownHook] INFO  c.a.d.p.DruidDataSource - [close,2277] - {dataSource-1} closed
17:57:22.958 [restartedMain] INFO  c.r.RuoYiApplication - [logStarting,55] - Starting RuoYiApplication using Java 1.8.0_251 on 6101-20963 with PID 18652 (E:\Java\ruoyi-admin\target\classes started by admin-7 in E:\Java)
17:57:22.961 [restartedMain] INFO  c.r.RuoYiApplication - [logStartupProfileInfo,686] - The following 1 profile is active: "dev"
17:57:22.961 [background-preinit] INFO  o.h.v.i.util.Version - [<clinit>,21] - HV000001: Hibernate Validator 6.2.5.Final
17:57:26.413 [restartedMain] INFO  o.a.c.h.Http11NioProtocol - [log,173] - Initializing ProtocolHandler ["http-nio-8080"]
17:57:26.414 [restartedMain] INFO  o.a.c.c.StandardService - [log,173] - Starting service [Tomcat]
17:57:26.414 [restartedMain] INFO  o.a.c.c.StandardEngine - [log,173] - Starting Servlet engine: [Apache Tomcat/9.0.75]
17:57:26.553 [restartedMain] INFO  o.a.c.c.C.[.[.[/] - [log,173] - Initializing Spring embedded WebApplicationContext
17:57:29.829 [restartedMain] INFO  c.a.d.p.DruidDataSource - [init,1002] - {dataSource-1} inited
17:57:32.212 [restartedMain] INFO  o.q.i.StdSchedulerFactory - [instantiate,1220] - Using default implementation for ThreadExecutor
17:57:32.223 [restartedMain] INFO  o.q.c.SchedulerSignalerImpl - [<init>,61] - Initialized Scheduler Signaller of type: class org.quartz.core.SchedulerSignalerImpl
17:57:32.223 [restartedMain] INFO  o.q.c.QuartzScheduler - [<init>,229] - Quartz Scheduler v.2.3.2 created.
17:57:32.224 [restartedMain] INFO  o.q.s.RAMJobStore - [initialize,155] - RAMJobStore initialized.
17:57:32.225 [restartedMain] INFO  o.q.c.QuartzScheduler - [initialize,294] - Scheduler meta-data: Quartz Scheduler (v2.3.2) 'quartzScheduler' with instanceId 'NON_CLUSTERED'
  Scheduler class: 'org.quartz.core.QuartzScheduler' - running locally.
  NOT STARTED.
  Currently in standby mode.
  Number of jobs executed: 0
  Using thread pool 'org.quartz.simpl.SimpleThreadPool' - with 10 threads.
  Using job-store 'org.quartz.simpl.RAMJobStore' - which does not support persistence. and is not clustered.

17:57:32.225 [restartedMain] INFO  o.q.i.StdSchedulerFactory - [instantiate,1374] - Quartz scheduler 'quartzScheduler' initialized from an externally provided properties instance.
17:57:32.225 [restartedMain] INFO  o.q.i.StdSchedulerFactory - [instantiate,1378] - Quartz scheduler version: 2.3.2
17:57:32.225 [restartedMain] INFO  o.q.c.QuartzScheduler - [setJobFactory,2293] - JobFactory set to: org.springframework.scheduling.quartz.SpringBeanJobFactory@2b84fadb
17:57:34.330 [restartedMain] INFO  o.a.c.h.Http11NioProtocol - [log,173] - Starting ProtocolHandler ["http-nio-8080"]
17:57:34.654 [restartedMain] INFO  o.q.c.QuartzScheduler - [start,547] - Scheduler quartzScheduler_$_NON_CLUSTERED started.
17:57:34.662 [restartedMain] INFO  c.r.RuoYiApplication - [logStarted,61] - Started RuoYiApplication in 12.159 seconds (JVM running for 13.613)
17:58:54.408 [http-nio-8080-exec-1] INFO  o.a.c.c.C.[.[.[/] - [log,173] - Initializing Spring DispatcherServlet 'dispatcherServlet'
